Accountant,Abdul_Pitt179@1wa8o.property,Abdul Pitt
Accountant,Benjamin_Wade8179@cdpfn.tech,Benjamin Wade
Accountant,Denis_Grant7869@ds59r.info,Denis Grant
Accountant,Esmeralda_Whittle4265@crzq7.software,Esmeralda Whittle
Accountant,Faith_Lunt296@xqj6f.autos,Faith Lunt
Accountant,Francesca_Matthews6743@yvu30.design,Francesca Matthews
Accountant,Henry_Griffiths8915@p5emz.business,Henry Griffiths
Accountant,Makena_Taylor4917@qu9ml.online,Makena Taylor
Accountant,Makenzie_Pitt3650@6ijur.store,Makenzie Pitt
Accountant,Margot_Vangness5620@c2nyu.page,Margot Vangness
Accountant,Nancy_Appleton7244@qu9ml.online,Nancy Appleton
Accountant,Ramon_Lomax5539@iaart.net,Ramon Lomax
Accountant,Rufus_Alldridge7278@crzq7.space,Rufus Alldridge
Ambulatory Nurse,Caitlyn_Cavanagh7132@bu2lo.video,Caitlyn Cavanagh
Ambulatory Nurse,Chad_Nelson1842@voylg.info,Chad Nelson
Ambulatory Nurse,Chester_Butler4572@nmz0p.catering,Chester Butler
Ambulatory Nurse,Chloe_Jeffery9627@1wa8o.tech,Chloe Jeffery
Ambulatory Nurse,Denny_Forth3466@xqj6f.works,Denny Forth
Ambulatory Nurse,Elena_Cox6453@xqj6f.shop,Elena Cox
Ambulatory Nurse,Ema_Pierce4284@yfxpw.tech,Ema Pierce
Ambulatory Nurse,Jamie_Ebbs2822@ptr6k.com,Jamie Ebbs
Ambulatory Nurse,Jaylene_Chadwick711@crzq7.video,Jaylene Chadwick
Ambulatory Nurse,Joseph_John2887@karnv.site,Joseph John
Ambulatory Nurse,Julian_Thorne2746@uagvw.software,Julian Thorne
Ambulatory Nurse,Lindsay_Morgan6169@qu9ml.info,Lindsay Morgan
Ambulatory Nurse,Logan_Pierce7586@y96lx.store,Logan Pierce
Ambulatory Nurse,Mason_Martin2607@bu2lo.website,Mason Martin
Ambulatory Nurse,Noah_Styles574@voylg.app,Noah Styles
Ambulatory Nurse,Penny_Archer6800@p5emz.ca,Penny Archer
Ambulatory Nurse,Phillip_Reid8868@p5emz.store,Phillip Reid
Ambulatory Nurse,Regina_Whinter246@nanoff.space,Regina Whinter
Ambulatory Nurse,Shay_Farrant8878@xqj6f.tech,Shay Farrant
Ambulatory Nurse,Tania_Kelly9861@urn0m.directory,Tania Kelly
Ambulatory Nurse,Tony_Clarke1630@crzq7.digital,Tony Clarke
Ambulatory Nurse,Vivian_Potts7993@yahoo.center,Vivian Potts
Assistant Buyer,Camden_Hobbs3586@iaart.us,Camden Hobbs
Assistant Buyer,Cherish_Tanner8754@bu2lo.tech,Cherish Tanner
Assistant Buyer,Daniel_Bailey9007@urn0m.space,Daniel Bailey
Assistant Buyer,Danny_Mould2489@3wbkp.autos,Danny Mould
Assistant Buyer,Emmanuelle_Vernon3913@jh02o.website,Emmanuelle Vernon
Assistant Buyer,Harvey_Huggins1792@1wa8o.store,Harvey Huggins
Assistant Buyer,Henry_Poole6192@c2nyu.autos,Henry Poole
Assistant Buyer,Javier_Ballard9928@p5emz.store,Javier Ballard
Assistant Buyer,Jolene_Judd5300@yafr7.services,Jolene Judd
Assistant Buyer,Nick_Jarrett5855@6ijur.property,Nick Jarrett
Assistant Buyer,Oliver_Hobson5204@yfxpw.works,Oliver Hobson
Assistant Buyer,Rebecca_Robinson712@cke3u.services,Rebecca Robinson
Assistant Buyer,Rosa_Robinson9584@yvu30.solutions,Rosa Robinson
Assistant Buyer,Rufus_Hepburn4787@iscmr.website,Rufus Hepburn
Assistant Buyer,Sadie_Duvall3856@ohqqh.autos,Sadie Duvall
Assistant Buyer,Stella_Lewis2148@voylg.org,Stella Lewis
Associate Professor,Bart_Rogers4890@zynuu.zone,Bart Rogers
Associate Professor,Benny_Gallacher4931@jcf8v.store,Benny Gallacher
Associate Professor,Boris_Rowan4648@bcfhs.net,Boris Rowan
Associate Professor,Denis_Bell1198@gnjps.center,Denis Bell
Associate Professor,Gabriel_Mcgee1313@3wbkp.tech,Gabriel Mcgee
Associate Professor,Gabriel_Weldon9144@voylg.biz,Gabriel Weldon
Associate Professor,Jackeline_Morrow5416@3wbkp.autos,Jackeline Morrow
Associate Professor,Karla_Wade9025@uagvw.autos,Karla Wade
Associate Professor,Lucas_Stewart2209@dvqq2.website,Lucas Stewart
Associate Professor,Oliver_Olson5573@1kmd3.shop,Oliver Olson
Associate Professor,Penny_Reading7705@bu2lo.tech,Penny Reading
Associate Professor,Remy_Collins2906@ckzyi.works,Remy Collins
Associate Professor,Sofie_Wigley1922@xqj6f.host,Sofie Wigley
Associate Professor,William_Bloom6247@crzq7.design,William Bloom
Audiologist,Audrey_Stubbs1529@1wa8o.catering,Audrey Stubbs
Audiologist,Barry_Turner8907@kyb7t.software,Barry Turner
Audiologist,Danny_Curtis8502@xtwt3.info,Danny Curtis
Audiologist,Ethan_Truscott4083@urn0m.shop,Ethan Truscott
Audiologist,Harvey_Wellington635@3wbkp.org,Harvey Wellington
Audiologist,Hayden_Ring9056@gnjps.works,Hayden Ring
Audiologist,Jasmine_Evans4962@bqkv0.software,Jasmine Evans
Audiologist,Josh_Stewart7811@dbxli.pro,Josh Stewart
Audiologist,Judith_Styles3725@ag5wi.info,Judith Styles
Audiologist,Kendra_Pearce6199@kyb7t.info,Kendra Pearce
Audiologist,Mackenzie_Nayler6781@voylg.site,Mackenzie Nayler
Audiologist,Maria_Roman8823@iaart.mobi,Maria Roman
Audiologist,Martin_Parsons1907@voylg.host,Martin Parsons
Audiologist,Melody_Thatcher9612@xtwt3.info,Melody Thatcher
Audiologist,Oliver_Uddin8173@1wa8o.zone,Oliver Uddin
Audiologist,Rick_Hancock5850@cke3u.property,Rick Hancock
Audiologist,Rosalie_Ianson3772@xqj6f.business,Rosalie Ianson
Audiologist,Tyson_Nash1409@c2nyu.video,Tyson Nash
Auditor,Danny_Jones9019@yafr7.design,Danny Jones
Auditor,Elijah_Skinner9807@crzq7.us,Elijah Skinner
Auditor,Enoch_Rycroft2522@bu2lo.software,Enoch Rycroft
Auditor,Erick_Goodman6146@c2nyu.store,Erick Goodman
Auditor,Estrella_Rivers367@jcf8v.host,Estrella Rivers
Auditor,Gabriel_Wild6993@bcfhs.property,Gabriel Wild
Auditor,Harmony_Wilson1348@evyvh.works,Harmony Wilson
Auditor,Johnathan_Addis9481@bu2lo.video,Johnathan Addis
Auditor,Keira_Sherwood960@iscmr.club,Keira Sherwood
Auditor,Margaret_Ryan6055@evyvh.zone,Margaret Ryan
Auditor,Marie_Casey9807@ptr6k.pro,Marie Casey
Auditor,Matt_Flett2339@bu2lo.ca,Matt Flett
Auditor,Maxwell_Durrant9627@yahoo.directory,Maxwell Durrant
Auditor,Mayleen_Jobson7866@karnv.works,Mayleen Jobson
Auditor,Michael_Whitmore405@nanoff.property,Michael Whitmore
Auditor,Michelle_Kerr3343@evyvh.digital,Michelle Kerr
Auditor,Roger_Moss6378@uagvw.software,Roger Moss
Baker,Audrey_Matthews1461@cdpfn.page,Audrey Matthews
Baker,Cameron_Bolton7947@lhp4j.property,Cameron Bolton
Baker,Chad_Jacobs4237@ckzyi.digital,Chad Jacobs
Baker,Elena_Patel7588@uagvw.org,Elena Patel
Baker,Eve_Connell573@xqj6f.com,Eve Connell
Baker,Harvey_Eagle6867@bqkv0.video,Harvey Eagle
Baker,John_Skinner6906@bcfhs.property,John Skinner
Baker,Leroy_Wright659@cke3u.business,Leroy Wright
Baker,Logan_Swan4155@mpibr.com,Logan Swan
Baker,Lynn_Bradley7825@xtwt3.autos,Lynn Bradley
Baker,Marjorie_Squire4085@kyb7t.autos,Marjorie Squire
Baker,Mina_Garner566@evyvh.digital,Mina Garner
Baker,Nick_Nanton945@d9un8.info,Nick Nanton
Baker,Rufus_Hopkins1424@d9un8.space,Rufus Hopkins
Baker,Sarah_Matthews2622@1wa8o.services,Sarah Matthews
Baker,Willow_Wilde8897@ag5wi.store,Willow Wilde
Banker,Adela_Spencer9007@bu2lo.video,Adela Spencer
Banker,Alessia_Varndell8419@y96lx.tech,Alessia Varndell
Banker,Ally_Milner6850@yafr7.net,Ally Milner
Banker,Anais_Murphy3414@voylg.store,Anais Murphy
Banker,Carmen_Weasley9039@nb44i.video,Carmen Weasley
Banker,Deborah_Salt2686@hepmv.com,Deborah Salt
Banker,Denny_Holt5912@jcf8v.us,Denny Holt
Banker,Gladys_Thompson3557@nanoff.club,Gladys Thompson
Banker,Gloria_Chester273@urn0m.auction,Gloria Chester
Banker,Harry_Weasley7192@lhp4j.pro,Harry Weasley
Banker,Iris_Sanchez668@karnv.ca,Iris Sanchez
Banker,Ivette_Lindop6612@d9un8.media,Ivette Lindop
Banker,Leroy_Simpson170@3wbkp.net,Leroy Simpson
Banker,Luke_Page 6663@c2nyu.mobi,Luke Page
Banker,Marvin_Purvis1629@hepmv.org,Marvin Purvis
Banker,Maxwell_Adams599@v1wn5.services,Maxwell Adams
Banker,Natalie_Shaw3970@nmz0p.media,Natalie Shaw
Banker,Rick_Ingham4150@iscmr.catering,Rick Ingham
Banker,Ruby_Asher7793@v1wn5.property,Ruby Asher
Banker,Rufus_Wilson4873@jcf8v.website,Rufus Wilson
Banker,Zoe_Gavin3705@ckzyi.website,Zoe Gavin
Bellman,Bart_Wilkinson2321@v1wn5.video,Bart Wilkinson
Bellman,Caleb_Tailor971@xtwt3.works,Caleb Tailor
Bellman,Candice_Amstead8422@jcf8v.design,Candice Amstead
Bellman,Jayden_Cavanagh4014@ds59r.audio,Jayden Cavanagh
Bellman,Melinda_Randall9271@bu2lo.audio,Melinda Randall
Bellman,Michelle_Allcott5180@iscmr.software,Michelle Allcott
Bellman,Nicholas_Thomas4496@iaart.website,Nicholas Thomas
Bellman,Ramon_Styles7345@xqj6f.shop,Ramon Styles
Bellman,Shannon_Dwyer7516@ptr6k.online,Shannon Dwyer
Bellman,Vicky_Milner6659@iaart.software,Vicky Milner
Biologist,Aileen_Jones4815@yafr7.store,Aileen Jones
Biologist,Alex_Huggins9118@fhuux.online,Alex Huggins
Biologist,Brad_Woodcock6478@bqkv0.us,Brad Woodcock
Biologist,Cara_Dixon7033@dbxli.digital,Cara Dixon
Biologist,Cedrick_Hilton9846@lyvnc.press,Cedrick Hilton
Biologist,Elijah_Todd1017@d9un8.video,Elijah Todd
Biologist,Elle_Lewin8602@cke3u.app,Elle Lewin
Biologist,Freya_Benson4417@karnv.biz,Freya Benson
Biologist,Hank_Paterson6325@ag5wi.org,Hank Paterson
Biologist,Hannah_Miller2242@lhp4j.property,Hannah Miller
Biologist,Jolene_Pierce3673@evyvh.software,Jolene Pierce
Biologist,Lillian_Parr7732@xqj6f.pro,Lillian Parr
Biologist,Luke_Penn6356@xqj6f.software,Luke Penn
Biologist,Mark_Salt6905@voylg.org,Mark Salt
Biologist,Megan_Nobbs7286@xtwt3.space,Megan Nobbs
Biologist,Miley_King2101@lhp4j.ca,Miley King
Biologist,Miriam_Poole3583@evyvh.digital,Miriam Poole
Biologist,Roger_Butler6223@p5emz.com,Roger Butler
Biologist,Ronald_Noon7784@evyvh.digital,Ronald Noon
Biologist,Sara_Shepherd5323@ckzyi.center,Sara Shepherd
Biologist,Sebastian_Trent5080@3wbkp.auction,Sebastian Trent
Biologist,Teagan_Mcneill2596@bu2lo.catering,Teagan Mcneill
Biologist,Tyson_Walker3527@1wa8o.store,Tyson Walker
Biologist,Victoria_Rodwell2618@qu9ml.zone,Victoria Rodwell
Biologist,Vivian_Hunter733@avn7d.name,Vivian Hunter
Biologist,William_Whinter2016@jcf8v.services,William Whinter
Bookkeeper,Anthony_Maxwell5542@xtwt3.app,Anthony Maxwell
Bookkeeper,Benjamin_Baker3480@yfxpw.space,Benjamin Baker
Bookkeeper,Brad_Morrow2698@ag5wi.design,Brad Morrow
Bookkeeper,Catherine_Herbert1608@c2nyu.com,Catherine Herbert
Bookkeeper,Catherine_Middleton3714@v1wn5.property,Catherine Middleton
Bookkeeper,Colleen_Pierce8545@nanoff.works,Colleen Pierce
Bookkeeper,Courtney_Little8937@xqj6f.meet,Courtney Little
Bookkeeper,Hannah_Boyle6595@xqj6f.services,Hannah Boyle
Bookkeeper,Jack_Nanton6653@cke3u.org,Jack Nanton
Bookkeeper,Joseph_Stone 5908@ds59r.catering,Joseph Stone
Bookkeeper,Luke_Alldridge8101@iscmr.directory,Luke Alldridge
Bookkeeper,Rocco_Everett7699@ohqqh.space,Rocco Everett
Bookkeeper,Stacy_Furnell8636@kyb7t.business,Stacy Furnell
Bookkeeper,Vicky_Pond6416@nanoff.biz,Vicky Pond
Budget Analyst,Blake_Bailey896@gkvds.website,Blake Bailey
Budget Analyst,Crystal_Evans7753@gkvds.works,Crystal Evans
Budget Analyst,Dani_Newton4581@1wa8o.auction,Dani Newton
Budget Analyst,Enoch_Price4026@y96lx.solutions,Enoch Price
Budget Analyst,George_Roscoe2694@6ijur.shop,George Roscoe
Budget Analyst,Kieth_Cobb7691@dbxli.solutions,Kieth Cobb
Budget Analyst,Kieth_Jones9033@uagvw.net,Kieth Jones
Budget Analyst,Lexi_Rothwell5875@v1wn5.directory,Lexi Rothwell
Budget Analyst,Melody_Henderson3890@crzq7.software,Melody Henderson
Budget Analyst,Michael_Bell1411@iscmr.catering,Michael Bell
Budget Analyst,Nicholas_Adams1454@cke3u.video,Nicholas Adams
Budget Analyst,Owen_Pearson3822@jcf8v.org,Owen Pearson
Budget Analyst,Ramon_Shaw4701@lyvnc.store,Ramon Shaw
Business Broker,Catherine_Martin9476@yvu30.biz,Catherine Martin
Business Broker,Chester_Gosling3769@gnjps.audio,Chester Gosling
Business Broker,Denny_Rowlands2830@yvu30.name,Denny Rowlands
Business Broker,Enoch_Wills8824@dbxli.works,Enoch Wills
Business Broker,Henry_Robertson6445@v1wn5.page,Henry Robertson
Business Broker,Jackeline_Bennett8356@gnjps.mobi,Jackeline Bennett
Business Broker,Jade_Goldsmith5698@nmz0p.us,Jade Goldsmith
Business Broker,Josephine_Holmes6265@dvqq2.org,Josephine Holmes
Business Broker,Leroy_Crawford1496@d9un8.store,Leroy Crawford
Business Broker,Liliana_Brock783@yahoo.club,Liliana Brock
Business Broker,Lindsay_Gibson6627@yafr7.directory,Lindsay Gibson
Business Broker,Logan_Flett5926@ckzyi.property,Logan Flett
Business Broker,Nathan_Saunders9935@nanoff.org,Nathan Saunders
Business Broker,Ramon_Trent7717@bqkv0.audio,Ramon Trent
Business Broker,Remy_James1889@y96lx.ca,Remy James
Business Broker,Sloane_Wright676@urn0m.press,Sloane Wright
Business Broker,Tom_Kelly3838@ohqqh.property,Tom Kelly
Business Broker,Wendy_Bradshaw3403@ag5wi.audio,Wendy Bradshaw
Call Center Representative,Analise_Bell8046@gkvds.site,Analise Bell
Call Center Representative,Andie_Thompson9274@dbxli.app,Andie Thompson
Call Center Representative,Benjamin_Myatt8893@c2nyu.website,Benjamin Myatt
Call Center Representative,Benny_Matthews5623@yvu30.directory,Benny Matthews
Call Center Representative,Chad_Nayler5369@p5emz.directory,Chad Nayler
Call Center Representative,Chuck_Kaur4883@lhp4j.tech,Chuck Kaur
Call Center Representative,Claire_Hood8929@ptr6k.app,Claire Hood
Call Center Representative,Daron_Shaw7926@lhp4j.meet,Daron Shaw
Call Center Representative,Henry_Bowen5487@hepmv.page,Henry Bowen
Call Center Representative,Jack_Ianson4245@chkzl.digital,Jack Ianson
Call Center Representative,Liam_Gaynor655@dbxli.solutions,Liam Gaynor
Call Center Representative,Marissa_Radley317@hepmv.website,Marissa Radley
Call Center Representative,Molly_Notman8672@voylg.services,Molly Notman
Call Center Representative,Nathan_Umney8096@1kmd3.store,Nathan Umney
Call Center Representative,Sofie_Latham6380@ohqqh.services,Sofie Latham
Cash Manager,Aleksandra_Salt615@1wa8o.website,Aleksandra Salt
Cash Manager,Barney_Addis5395@ptr6k.mobi,Barney Addis
Cash Manager,Brad_Robertson4249@voylg.edu,Brad Robertson
Cash Manager,Bryon_Wright6515@hepmv.page,Bryon Wright
Cash Manager,Cadence_Benson7775@voylg.property,Cadence Benson
Cash Manager,Chester_Marshall4118@chkzl.site,Chester Marshall
Cash Manager,Danielle_Ingram7618@3wbkp.pro,Danielle Ingram
Cash Manager,Emma_Antcliff8542@xqj6f.shop,Emma Antcliff
Cash Manager,Esmeralda_Holmes8372@1wa8o.edu,Esmeralda Holmes
Cash Manager,Georgia_Morris2942@v1wn5.directory,Georgia Morris
Cash Manager,Greta_Calderwood509@xqj6f.store,Greta Calderwood
Cash Manager,Havana_Milner2799@y96lx.net,Havana Milner
Cash Manager,Javier_Boyle56@bcfhs.name,Javier Boyle
Cash Manager,Jayden_Higgs4248@crzq7.center,Jayden Higgs
Cash Manager,Johnny_Gregory3084@yafr7.services,Johnny Gregory
Cash Manager,Joy_Quinton3685@ckzyi.press,Joy Quinton
Cash Manager,Kieth_Morris549@zynuu.store,Kieth Morris
Cash Manager,Margot_Woodley9749@evyvh.catering,Margot Woodley
Cash Manager,Michael_Corbett4958@qu9ml.press,Michael Corbett
Cash Manager,Mike_Ranks1271@yvu30.property,Mike Ranks
Cash Manager,Nancy_Ralph6922@evyvh.mobi,Nancy Ralph
Cash Manager,Oliver_Power2211@chkzl.tech,Oliver Power
Cash Manager,Owen_Corbett9624@mpibr.host,Owen Corbett
Cash Manager,Ruth_Ballard5735@yahoo.app,Ruth Ballard
Cash Manager,Wade_Callan469@qu9ml.directory,Wade Callan
Cashier,Analise_Everett1455@c2nyu.online,Analise Everett
Cashier,Belinda_Ralph5421@1kmd3.shop,Belinda Ralph
Cashier,Benjamin_Woodcock5754@nb44i.biz,Benjamin Woodcock
Cashier,Danielle_Shields9293@d9un8.pro,Danielle Shields
Cashier,Elijah_Eyres166@y96lx.app,Elijah Eyres
Cashier,Elijah_Snow9521@chkzl.business,Elijah Snow
Cashier,Johnny_Richards5501@karnv.media,Johnny Richards
Cashier,Kieth_Adams3283@fhuux.us,Kieth Adams
Cashier,Luke_Lee5067@cdpfn.auction,Luke Lee
Cashier,Mason_Kent2205@d9un8.club,Mason Kent
Cashier,Nate_Newton4453@lhp4j.tech,Nate Newton
Cashier,Nick_Malone6063@lyvnc.meet,Nick Malone
Cashier,Percy_Cadman3660@uagvw.site,Percy Cadman
Cashier,Rosalie_Robe3991@jh02o.website,Rosalie Robe
Cashier,Rosemary_Whinter4364@ptr6k.store,Rosemary Whinter
Cashier,Rufus_Bright6596@bu2lo.auction,Rufus Bright
Cashier,Tyler_Holmes3857@kyb7t.site,Tyler Holmes
Chef Manager,Abdul_Harris9816@karnv.host,Abdul Harris
Chef Manager,Alexa_Kirby6528@bqkv0.site,Alexa Kirby
Chef Manager,Barney_Thorne7808@dbxli.website,Barney Thorne
Chef Manager,Chadwick_Gallacher7562@mpibr.shop,Chadwick Gallacher
Chef Manager,Elijah_Flack2643@dbxli.center,Elijah Flack
Chef Manager,Emmanuelle_Weldon9637@lyvnc.online,Emmanuelle Weldon
Chef Manager,Ethan_Cann4332@gkvds.edu,Ethan Cann
Chef Manager,Felicity_Addley429@1kmd3.tech,Felicity Addley
Chef Manager,Javier_Button6030@cke3u.mobi,Javier Button
Chef Manager,Johnathan_Stewart3793@3wbkp.tech,Johnathan Stewart
Chef Manager,Lynn_Addis4593@iscmr.media,Lynn Addis
Chef Manager,Maggie_Foxley5643@ohqqh.website,Maggie Foxley
Chef Manager,Makenzie_Mccormick6981@nmz0p.meet,Makenzie Mccormick
Chef Manager,Makenzie_Wright1157@1wa8o.autos,Makenzie Wright
Chef Manager,Manuel_Verdon4125@yahoo.tech,Manuel Verdon
Chef Manager,Marvin_Drew8766@crzq7.host,Marvin Drew
Chef Manager,Matt_Cartwright7259@yafr7.business,Matt Cartwright
Chef Manager,Michael_Zaoui6712@cke3u.autos,Michael Zaoui
Chef Manager,Violet_Davies8391@yfxpw.store,Violet Davies
Clerk,Aileen_Mcleod7777@3wbkp.design,Aileen Mcleod
Clerk,Aisha_Franks9200@p5emz.autos,Aisha Franks
Clerk,Doug_Kaur3612@d9un8.info,Doug Kaur
Clerk,Jaylene_Yang1547@yvu30.shop,Jaylene Yang
Clerk,Jenna_Lindop2239@karnv.business,Jenna Lindop
Clerk,Mason_Donnelly3570@1kmd3.tech,Mason Donnelly
Clerk,Matt_Oldfield8178@fhuux.website,Matt Oldfield
Clerk,Penny_Brett124@iscmr.shop,Penny Brett
Clerk,Roger_Uddin375@hepmv.info,Roger Uddin
Clerk,Tyson_Nielson4416@urn0m.host,Tyson Nielson
CNC Operator,Adalie_Harrison1277@1wa8o.services,Adalie Harrison
CNC Operator,Alan_West2898@d9un8.online,Alan West
CNC Operator,Alice_Cattell8422@6ijur.meet,Alice Cattell
CNC Operator,Anais_Vane5683@6ijur.shop,Anais Vane
CNC Operator,Angelina_Olson9356@mpibr.store,Angelina Olson
CNC Operator,Bryon_Fulton6420@nmz0p.works,Bryon Fulton
CNC Operator,Chad_Richardson8277@yfxpw.meet,Chad Richardson
CNC Operator,Clint_Allen3517@jcf8v.edu,Clint Allen
CNC Operator,Danny_Hunt426@cke3u.website,Danny Hunt
CNC Operator,Harry_Clifford2488@qu9ml.mobi,Harry Clifford
CNC Operator,Lucas_Owen3829@nmz0p.store,Lucas Owen
CNC Operator,Matthew_Robinson5450@yfxpw.tech,Matthew Robinson
CNC Operator,Ramon_Dillon9835@3wbkp.catering,Ramon Dillon
CNC Operator,Ron_Waterson5174@nanoff.website,Ron Waterson
CNC Operator,Sara_Clifford2446@bu2lo.tech,Sara Clifford
CNC Operator,Sloane_Isaac6548@v1wn5.autos,Sloane Isaac
CNC Operator,Tess_Mason3150@dvqq2.space,Tess Mason
CNC Operator,Vanessa_Simpson1282@jh02o.website,Vanessa Simpson
Cook,Alan_Glynn3012@3wbkp.edu,Alan Glynn
Cook,Bart_Mullins531@ptr6k.catering,Bart Mullins
Cook,Danny_Gilmour7909@cdpfn.mobi,Danny Gilmour
Cook,Darlene_Bowen7510@jcf8v.space,Darlene Bowen
Cook,Doug_Vince9341@qu9ml.edu,Doug Vince
Cook,Gemma_Tennant9083@avn7d.space,Gemma Tennant
Cook,Hank_Hamilton6717@v1wn5.center,Hank Hamilton
Cook,Henry_Salt821@iscmr.name,Henry Salt
Cook,Holly_Dickson2245@iscmr.name,Holly Dickson
Cook,Ivette_Simpson9566@hepmv.media,Ivette Simpson
Cook,Jack_Lynch8392@dbxli.info,Jack Lynch
Cook,Juliet_Hall4170@bcfhs.name,Juliet Hall
Cook,Liam_Mcguire6556@gkvds.info,Liam Mcguire
Cook,Liliana_Gavin209@cke3u.ca,Liliana Gavin
Cook,Maxwell_Owens8630@jcf8v.audio,Maxwell Owens
Cook,Quinn_Lindop3207@3wbkp.page,Quinn Lindop
Cook,Rufus_Whitehouse9501@6ijur.store,Rufus Whitehouse
Cook,Scarlett_Knott369@crzq7.edu,Scarlett Knott
Dentist,Bethany_Page 6970@iscmr.club,Bethany Page
Dentist,David_Nayler5026@avn7d.net,David Nayler
Dentist,Eden_Allen2296@p5emz.org,Eden Allen
Dentist,Joy_Saunders7728@zynuu.pro,Joy Saunders
Dentist,Kate_Whatson152@d9un8.services,Kate Whatson
Dentist,Mason_Stevens3131@cdpfn.directory,Mason Stevens
Dentist,Nancy_Pickard587@jcf8v.app,Nancy Pickard
Dentist,Renee_Grady9196@iscmr.business,Renee Grady
Dentist,Roger_Stewart1340@ds59r.business,Roger Stewart
Dentist,Ruby_Ulyatt2105@lyvnc.club,Ruby Ulyatt
Dentist,Wendy_Camden4948@yahoo.com,Wendy Camden
Design Engineer,Agnes_Waterson9706@uagvw.design,Agnes Waterson
Design Engineer,Candace_Harris3301@cke3u.biz,Candace Harris
Design Engineer,Cara_Redwood2762@iaart.net,Cara Redwood
Design Engineer,Carolyn_Jacobs9963@lhp4j.host,Carolyn Jacobs
Design Engineer,Chester_Bailey7337@evyvh.org,Chester Bailey
Design Engineer,Doug_Williams8358@chkzl.store,Doug Williams
Design Engineer,Ember_Jeffery8005@1kmd3.org,Ember Jeffery
Design Engineer,Jade_Edler4928@kyb7t.space,Jade Edler
Design Engineer,Jasmine_Brooks2349@xtwt3.property,Jasmine Brooks
Design Engineer,Jayden_Dubois2886@xtwt3.services,Jayden Dubois
Design Engineer,Kurt_Neville4506@nb44i.autos,Kurt Neville
Design Engineer,Nathan_Bright8468@lhp4j.website,Nathan Bright
Design Engineer,Norah_Ogilvy178@iscmr.video,Norah Ogilvy
Design Engineer,Ronald_Jackson6445@uagvw.zone,Ronald Jackson
Design Engineer,Ronald_Vinton2614@v1wn5.store,Ronald Vinton
Design Engineer,Sebastian_Samuel1134@ckzyi.zone,Sebastian Samuel
Design Engineer,Stephanie_Giles8210@xqj6f.name,Stephanie Giles
Design Engineer,Stephanie_Vaughan9051@dbxli.auction,Stephanie Vaughan
Design Engineer,Tony_Raven8655@nanoff.store,Tony Raven
Designer,Angelina_Richardson6698@chkzl.zone,Angelina Richardson
Designer,Benny_Abbot7437@zynuu.website,Benny Abbot
Designer,Carter_Flack5220@bqkv0.business,Carter Flack
Designer,Chuck_Walker7937@3wbkp.space,Chuck Walker
Designer,Dani_Rodgers882@xtwt3.com,Dani Rodgers
Designer,Deborah_Griffiths5915@v1wn5.autos,Deborah Griffiths
Designer,Harvey_Jobson476@nanoff.zone,Harvey Jobson
Designer,Jayden_Allen3915@iscmr.auction,Jayden Allen
Designer,Mason_Coates8458@gnjps.design,Mason Coates
Designer,Rebecca_Dillon4238@yafr7.directory,Rebecca Dillon
Designer,Rita_Uttley474@lyvnc.catering,Rita Uttley
Designer,Rosa_Richardson4380@p5emz.name,Rosa Richardson
Designer,Rowan_Lloyd6234@cdpfn.info,Rowan Lloyd
Designer,Sloane_Redden3373@fhuux.press,Sloane Redden
Designer,Sydney_Redwood4764@3wbkp.center,Sydney Redwood
Designer,Tom_Burnley975@iscmr.design,Tom Burnley
Doctor,Alexa_Smith8135@cke3u.press,Alexa Smith
Doctor,Cameron_Riley5950@ohqqh.digital,Cameron Riley
Doctor,Carissa_Blythe8145@voylg.shop,Carissa Blythe
Doctor,Celia_Ellis5469@jh02o.club,Celia Ellis
Doctor,Chester_Owens9675@xqj6f.center,Chester Owens
Doctor,Claire_Welsch7213@uagvw.directory,Claire Welsch
Doctor,Greta_Gonzales8094@p5emz.mobi,Greta Gonzales
Doctor,Jacob_Bradley899@ds59r.zone,Jacob Bradley
Doctor,Jayden_Snell4458@jcf8v.center,Jayden Snell
Doctor,Natalie_Utterson185@hepmv.shop,Natalie Utterson
Doctor,Penny_Saunders5799@hepmv.biz,Penny Saunders
Doctor,Ryan_Collingwood4955@1kmd3.solutions,Ryan Collingwood
Doctor,Samara_Miller1802@lhp4j.website,Samara Miller
Doctor,Zoe_Snow1144@1kmd3.net,Zoe Snow
Electrician,Blake_Gordon2818@dvqq2.page,Blake Gordon
Electrician,Brad_Baxter8028@3wbkp.digital,Brad Baxter
Electrician,Carl_Camden244@dvqq2.name,Carl Camden
Electrician,Eileen_Willson1460@kyb7t.pro,Eileen Willson
Electrician,Ethan_Patel3254@iaart.media,Ethan Patel
Electrician,Gloria_Smith2468@1wa8o.zone,Gloria Smith
Electrician,Hank_Trent3547@c2nyu.directory,Hank Trent
Electrician,Hayden_Collins5427@ds59r.biz,Hayden Collins
Electrician,Liliana_Plumb846@3wbkp.website,Liliana Plumb
Electrician,Louise_Butler9714@bcfhs.org,Louise Butler
Electrician,Luke_Bristow4756@1kmd3.mobi,Luke Bristow
Electrician,Michelle_Brock2063@yfxpw.directory,Michelle Brock
Electrician,Nick_Potts2960@ds59r.com,Nick Potts
Electrician,Rebecca_Harrington4294@y96lx.design,Rebecca Harrington
Electrician,Rufus_Blythe9112@p5emz.zone,Rufus Blythe
Executive Director,Abdul_Sheldon2744@bqkv0.catering,Abdul Sheldon
Executive Director,Alan_Pickard9121@xtwt3.auction,Alan Pickard
Executive Director,David_Flanders7139@qu9ml.center,David Flanders
Executive Director,George_Lunt1418@hepmv.info,George Lunt
Executive Director,Hank_Mackenzie2525@chkzl.site,Hank Mackenzie
Executive Director,Hayden_Gavin5204@1kmd3.media,Hayden Gavin
Executive Director,Kamila_Casey4535@xtwt3.design,Kamila Casey
Executive Director,Lauren_Knight5467@d9un8.auction,Lauren Knight
Executive Director,Leroy_Wright911@crzq7.press,Leroy Wright
Executive Director,Mabel_Poulton7061@voylg.host,Mabel Poulton
Executive Director,Maia_Attwood7051@evyvh.info,Maia Attwood
Executive Director,Mark_Speed9825@iscmr.biz,Mark Speed
Executive Director,Melody_Carter603@evyvh.com,Melody Carter
Executive Director,Noah_Hogg7856@ptr6k.autos,Noah Hogg
Executive Director,Owen_Hepburn6746@zynuu.directory,Owen Hepburn
Executive Director,Sebastian_Selby8927@ohqqh.app,Sebastian Selby
Executive Director,William_Hepburn2097@karnv.audio,William Hepburn
Fabricator,Andrea_Lane8261@d9un8.works,Andrea Lane
Fabricator,Brooklyn_Oakley3444@yafr7.website,Brooklyn Oakley
Fabricator,Camden_Hill9498@1wa8o.autos,Camden Hill
Fabricator,David_Jones2260@ckzyi.ca,David Jones
Fabricator,Destiny_Neal1821@zynuu.solutions,Destiny Neal
Fabricator,George_Franks6128@bu2lo.software,George Franks
Fabricator,Havana_Norburn5508@ckzyi.design,Havana Norburn
Fabricator,Jessica_Webster4884@ohqqh.shop,Jessica Webster
Fabricator,John_Knight2403@p5emz.shop,John Knight
Fabricator,Juliet_Simmons6564@nanoff.directory,Juliet Simmons
Fabricator,Liv_Rossi8998@yafr7.solutions,Liv Rossi
Fabricator,Martin_Noach1662@c2nyu.design,Martin Noach
Fabricator,Matt_Waterhouse4129@evyvh.online,Matt Waterhouse
Fabricator,Moira_Drummond6223@v1wn5.tech,Moira Drummond
Fabricator,Sofia_Simmons246@bu2lo.app,Sofia Simmons
Fabricator,Tyson_Swift9044@nmz0p.edu,Tyson Swift
Fabricator,William_John8904@qu9ml.name,William John
Food Technologist,Andrea_Slater3021@dvqq2.shop,Andrea Slater
Food Technologist,Clint_Robinson3032@6ijur.website,Clint Robinson
Food Technologist,Daphne_Simpson8391@ag5wi.page,Daphne Simpson
Food Technologist,Dasha_Davies9628@hepmv.solutions,Dasha Davies
Food Technologist,Domenic_Shields3542@jcf8v.works,Domenic Shields
Food Technologist,Gabriel_Moreno3976@dbxli.directory,Gabriel Moreno
Food Technologist,Gina_Fisher6344@ds59r.catering,Gina Fisher
Food Technologist,Irene_Powell9881@chkzl.app,Irene Powell
Food Technologist,Jacob_Myatt1613@c2nyu.video,Jacob Myatt
Food Technologist,Tara_Redwood3459@y96lx.page,Tara Redwood
Front Desk Coordinator,Alexia_Lynn696@ag5wi.catering,Alexia Lynn
Front Desk Coordinator,Allison_Butler7225@xqj6f.store,Allison Butler
Front Desk Coordinator,Anne_Warden7836@p5emz.property,Anne Warden
Front Desk Coordinator,Camellia_Cox24@chkzl.shop,Camellia Cox
Front Desk Coordinator,Chloe_Hope3524@hepmv.website,Chloe Hope
Front Desk Coordinator,Clint_Beal1006@p5emz.media,Clint Beal
Front Desk Coordinator,Jack_Nicholls2965@gkvds.net,Jack Nicholls
Front Desk Coordinator,Joseph_Reid5788@yahoo.media,Joseph Reid
Front Desk Coordinator,Leah_Gonzales603@fhuux.auction,Leah Gonzales
Front Desk Coordinator,Madelyn_Townend1069@yahoo.net,Madelyn Townend
Front Desk Coordinator,Rocco_Bailey9681@ckzyi.business,Rocco Bailey
Front Desk Coordinator,Russel_Murray6862@yfxpw.auction,Russel Murray
Front Desk Coordinator,Ruth_Moreno8018@cdpfn.auction,Ruth Moreno
Front Desk Coordinator,Ryan_Snow3622@evyvh.works,Ryan Snow
Front Desk Coordinator,Sabina_Grady8892@c2nyu.host,Sabina Grady
Front Desk Coordinator,Tony_Kerr9896@nanoff.edu,Tony Kerr
Global Logistics Supervisor,Abdul_Jordan3843@lyvnc.media,Abdul Jordan
Global Logistics Supervisor,Analise_Atkinson6101@evyvh.mobi,Analise Atkinson
Global Logistics Supervisor,Cara_Pearson4419@crzq7.solutions,Cara Pearson
Global Logistics Supervisor,Davina_Cartwright7168@xtwt3.com,Davina Cartwright
Global Logistics Supervisor,Jack_Payne6727@xqj6f.audio,Jack Payne
Global Logistics Supervisor,Joseph_Owens106@zynuu.net,Joseph Owens
Global Logistics Supervisor,Josh_Ingram2709@karnv.autos,Josh Ingram
Global Logistics Supervisor,Leroy_Rosenbloom7272@lhp4j.works,Leroy Rosenbloom
Global Logistics Supervisor,Matthew_Weasley6226@voylg.directory,Matthew Weasley
Global Logistics Supervisor,Michael_Wigley8916@fhuux.page,Michael Wigley
Global Logistics Supervisor,Nathan_Willson8293@yvu30.com,Nathan Willson
Global Logistics Supervisor,Rick_Gordon1784@3wbkp.info,Rick Gordon
Global Logistics Supervisor,Rosemary_Lyon8948@voylg.online,Rosemary Lyon
Global Logistics Supervisor,Sadie_Rowlands4552@chkzl.autos,Sadie Rowlands
Health Educator,Alan_Powell4494@jcf8v.info,Alan Powell
Health Educator,Anthony_Gunn9174@urn0m.design,Anthony Gunn
Health Educator,Benjamin_Hobson3980@6ijur.site,Benjamin Hobson
Health Educator,Cameron_Gilmour6230@iaart.zone,Cameron Gilmour
Health Educator,Clint_Evans8177@bqkv0.info,Clint Evans
Health Educator,Danny_Hopkins5300@avn7d.zone,Danny Hopkins
Health Educator,Elijah_Dixon5948@bu2lo.net,Elijah Dixon
Health Educator,Freya_Shepherd2716@evyvh.store,Freya Shepherd
Health Educator,Harry_Farrell2594@1wa8o.store,Harry Farrell
Health Educator,Johnathan_Mcneill720@nanoff.design,Johnathan Mcneill
Health Educator,Katelyn_Spencer810@dbxli.media,Katelyn Spencer
Health Educator,Marina_Rust95@iaart.org,Marina Rust
Health Educator,Mary_Moran6149@iscmr.ca,Mary Moran
Health Educator,Matt_Simpson6606@p5emz.press,Matt Simpson
Health Educator,Percy_Pope8348@mpibr.meet,Percy Pope
Health Educator,Samantha_Fields4582@1kmd3.info,Samantha Fields
Health Educator,Stacy_Rogers7025@mpibr.meet,Stacy Rogers
Health Educator,Summer_Townend2174@hepmv.directory,Summer Townend
Health Educator,Tyler_Hunt7166@y96lx.com,Tyler Hunt
Healthcare Specialist,Carl_Andrews3531@d9un8.catering,Carl Andrews
Healthcare Specialist,Dani_Purvis7598@zynuu.website,Dani Purvis
Healthcare Specialist,Denis_Graham9429@iscmr.store,Denis Graham
Healthcare Specialist,Domenic_Egerton4557@fhuux.video,Domenic Egerton
Healthcare Specialist,Drew_Wigley4841@cdpfn.org,Drew Wigley
Healthcare Specialist,Ethan_Donovan3699@mpibr.info,Ethan Donovan
Healthcare Specialist,Ethan_Lowe7525@yahoo.solutions,Ethan Lowe
Healthcare Specialist,Jacob_Exton2293@lhp4j.store,Jacob Exton
Healthcare Specialist,Kassandra_Ingham9223@6ijur.meet,Kassandra Ingham
Healthcare Specialist,Kate_Matthews7298@ds59r.solutions,Kate Matthews
Healthcare Specialist,Molly_Faulkner1610@xtwt3.biz,Molly Faulkner
Healthcare Specialist,Peter_Dallas8813@mpibr.services,Peter Dallas
Healthcare Specialist,Ryan_Hooper3483@qu9ml.store,Ryan Hooper
Healthcare Specialist,Scarlett_Wills7793@jcf8v.design,Scarlett Wills
Healthcare Specialist,Tiffany_Janes3266@nb44i.meet,Tiffany Janes
HR Coordinator,Benjamin_Bennett4666@mpibr.video,Benjamin Bennett
HR Coordinator,Benjamin_Lynch7821@karnv.app,Benjamin Lynch
HR Coordinator,Boris_Nobbs8440@yahoo.info,Boris Nobbs
HR Coordinator,Callie_Collins4827@kyb7t.club,Callie Collins
HR Coordinator,Carl_Ranks9820@lyvnc.solutions,Carl Ranks
HR Coordinator,David_Lowe1471@fhuux.center,David Lowe
HR Coordinator,Enoch_Buckley7577@gkvds.catering,Enoch Buckley
HR Coordinator,Harry_Tate2433@dvqq2.solutions,Harry Tate
HR Coordinator,Holly_Roscoe9559@yafr7.net,Holly Roscoe
HR Coordinator,Irene_Morley4106@fhuux.auction,Irene Morley
HR Coordinator,Jane_Robertson7447@nanoff.website,Jane Robertson
HR Coordinator,Lexi_Wilson6628@voylg.website,Lexi Wilson
HR Coordinator,Luke_Darcy2795@lhp4j.store,Luke Darcy
HR Coordinator,Mabel_Boden3847@bu2lo.works,Mabel Boden
HR Coordinator,Mark_Rose6876@fhuux.audio,Mark Rose
HR Coordinator,Matthew_Stevenson194@evyvh.info,Matthew Stevenson
HR Coordinator,Russel_Olson4387@crzq7.ca,Russel Olson
HR Coordinator,Sage_Matthews7260@chkzl.website,Sage Matthews
HR Coordinator,Sofie_Burge9695@karnv.site,Sofie Burge
HR Specialist,Bob_Mould3599@1wa8o.auction,Bob Mould
HR Specialist,Boris_Weasley8894@iaart.works,Boris Weasley
HR Specialist,Camellia_Adams9119@ckzyi.works,Camellia Adams
HR Specialist,Carmen_Rycroft5201@nanoff.directory,Carmen Rycroft
HR Specialist,Eileen_Slater80@yvu30.website,Eileen Slater
HR Specialist,Elly_Bloom7755@voylg.com,Elly Bloom
HR Specialist,Elly_Varley2762@xtwt3.biz,Elly Varley
HR Specialist,Gemma_Fox3627@ag5wi.net,Gemma Fox
HR Specialist,Jamie_Taylor283@yafr7.space,Jamie Taylor
HR Specialist,Kassandra_May5405@evyvh.biz,Kassandra May
HR Specialist,Liam_Hastings7113@p5emz.store,Liam Hastings
HR Specialist,Marvin_Rodgers7967@iaart.org,Marvin Rodgers
HR Specialist,Matt_Chester7766@iaart.business,Matt Chester
Inspector,Angela_Grant5329@lhp4j.app,Angela Grant
Inspector,Charlize_Terry4052@dbxli.property,Charlize Terry
Inspector,Daron_Hope8962@6ijur.catering,Daron Hope
Inspector,Dasha_Eaton6283@gkvds.net,Dasha Eaton
Inspector,Fred_Pitt4585@chkzl.space,Fred Pitt
Inspector,Freya_Judd6852@yahoo.biz,Freya Judd
Inspector,Iris_Williams2086@ds59r.org,Iris Williams
Inspector,Lorraine_Walsh1854@1wa8o.app,Lorraine Walsh
Inspector,Martin_Parker3601@avn7d.digital,Martin Parker
Inspector,Norah_Waterhouse2112@gkvds.store,Norah Waterhouse
Inspector,Peter_Tanner4381@hepmv.mobi,Peter Tanner
Inspector,Russel_Salt3517@ptr6k.ca,Russel Salt
Inspector,Samara_Oakley2078@dvqq2.meet,Samara Oakley
Inspector,Selena_Bailey5713@mpibr.store,Selena Bailey
Inspector,Valentina_Wilkinson1681@dbxli.com,Valentina Wilkinson
Inspector,Wendy_Farmer4260@chkzl.zone,Wendy Farmer
Inspector,Willow_Jeffery3629@bcfhs.biz,Willow Jeffery
Insurance Broker,Alma_Moran7937@xqj6f.auction,Alma Moran
Insurance Broker,Analise_Power4817@crzq7.ca,Analise Power
Insurance Broker,Benjamin_Higgs9527@yfxpw.club,Benjamin Higgs
Insurance Broker,Christy_Bullock4854@qu9ml.ca,Christy Bullock
Insurance Broker,Dani_Larsen1059@evyvh.directory,Dani Larsen
Insurance Broker,Doris_Addis2040@gkvds.ca,Doris Addis
Insurance Broker,Fred_Wheeler2345@y96lx.edu,Fred Wheeler
Insurance Broker,Jackeline_Bullock2146@y96lx.services,Jackeline Bullock
Insurance Broker,Jacqueline_Buckley1172@yvu30.solutions,Jacqueline Buckley
Insurance Broker,Josephine_Walter5701@nb44i.tech,Josephine Walter
Insurance Broker,Kenzie_Pierce3700@c2nyu.page,Kenzie Pierce
Insurance Broker,Kenzie_Radley1515@ag5wi.ca,Kenzie Radley
Insurance Broker,Leroy_Nelson6665@mpibr.software,Leroy Nelson
Insurance Broker,Livia_Gaynor6967@1wa8o.press,Livia Gaynor
Insurance Broker,Lucas_Jeffery4446@lyvnc.press,Lucas Jeffery
Insurance Broker,Mandy_Gardner527@ptr6k.store,Mandy Gardner
Insurance Broker,Ruth_Irwin6343@yafr7.biz,Ruth Irwin
Insurance Broker,Samantha_Farmer5498@iscmr.online,Samantha Farmer
Insurance Broker,Tony_Mackenzie3540@xqj6f.space,Tony Mackenzie
Insurance Broker,William_Squire7912@xqj6f.com,William Squire
Investment  Advisor,Alan_Pond6850@p5emz.software,Alan Pond
Investment  Advisor,Aleksandra_Pratt6328@6ijur.services,Aleksandra Pratt
Investment  Advisor,Alison_Poole1044@nmz0p.app,Alison Poole
Investment  Advisor,Anabel_Carter9313@fhuux.solutions,Anabel Carter
Investment  Advisor,Carter_Moss7884@qu9ml.app,Carter Moss
Investment  Advisor,Cedrick_Gosling3507@gnjps.website,Cedrick Gosling
Investment  Advisor,Domenic_Roberts5978@1wa8o.pro,Domenic Roberts
Investment  Advisor,George_Drummond3604@jcf8v.biz,George Drummond
Investment  Advisor,Helen_Vince4585@dbxli.biz,Helen Vince
Investment  Advisor,Isla_Shelton9550@uagvw.mobi,Isla Shelton
Investment  Advisor,Leroy_Jenkin874@evyvh.autos,Leroy Jenkin
Investment  Advisor,Lindsay_Adams9473@mpibr.us,Lindsay Adams
Investment  Advisor,Noah_Harrington1255@ag5wi.info,Noah Harrington
Investment  Advisor,Noah_Salt1384@chkzl.space,Noah Salt
Investment  Advisor,Rosa_Saunders8912@kyb7t.digital,Rosa Saunders
Investment  Advisor,Thea_Wills9837@jh02o.host,Thea Wills
IT Support Staff,Benny_Keys8232@jh02o.shop,Benny Keys
IT Support Staff,Carrie_Jeffery1121@qu9ml.directory,Carrie Jeffery
IT Support Staff,Carter_Haines5695@crzq7.center,Carter Haines
IT Support Staff,Charlize_Marshall8751@p5emz.design,Charlize Marshall
IT Support Staff,Chelsea_Stubbs555@crzq7.shop,Chelsea Stubbs
IT Support Staff,Chuck_Walsh3019@nanoff.ca,Chuck Walsh
IT Support Staff,Clint_Fisher3163@v1wn5.info,Clint Fisher
IT Support Staff,Daphne_Kaur3737@crzq7.name,Daphne Kaur
IT Support Staff,Domenic_Miller2953@bu2lo.center,Domenic Miller
IT Support Staff,Evelynn_White6644@cdpfn.video,Evelynn White
IT Support Staff,Gina_Murphy7661@yahoo.app,Gina Murphy
IT Support Staff,Havana_Cowan2863@nb44i.zone,Havana Cowan
IT Support Staff,Hazel_Jones9355@dvqq2.host,Hazel Jones
IT Support Staff,Leroy_Thompson8294@crzq7.space,Leroy Thompson
IT Support Staff,Lillian_Trent703@crzq7.com,Lillian Trent
IT Support Staff,Michelle_Lewin4737@chkzl.solutions,Michelle Lewin
IT Support Staff,Nicole_Holt6476@d9un8.biz,Nicole Holt
IT Support Staff,Tony_Quinn3909@gkvds.com,Tony Quinn
IT Support Staff,Victoria_Newman2734@bcfhs.business,Victoria Newman
Job Title,Email Address,FirstName LastName
Laboratory Technician,Benjamin_Martin5965@dvqq2.property,Benjamin Martin
Laboratory Technician,Bob_Flack1450@v1wn5.works,Bob Flack
Laboratory Technician,Caleb_Carpenter6826@lyvnc.website,Caleb Carpenter
Laboratory Technician,Catherine_Nash9607@yfxpw.biz,Catherine Nash
Laboratory Technician,Chadwick_Warner3470@jh02o.store,Chadwick Warner
Laboratory Technician,Daniel_Edmonds8802@karnv.shop,Daniel Edmonds
Laboratory Technician,Daron_Lane3757@c2nyu.business,Daron Lane
Laboratory Technician,Doris_Cadman9224@urn0m.club,Doris Cadman
Laboratory Technician,Ethan_Little8885@mpibr.name,Ethan Little
Laboratory Technician,Isabel_Fenton3772@zynuu.business,Isabel Fenton
Laboratory Technician,Julius_Morrison234@crzq7.audio,Julius Morrison
Laboratory Technician,Katelyn_Roscoe5958@cke3u.works,Katelyn Roscoe
Laboratory Technician,Marvin_Jarrett4369@gkvds.org,Marvin Jarrett
Laboratory Technician,Michael_Gavin8507@yafr7.edu,Michael Gavin
Laboratory Technician,Nathan_Johnson3387@y96lx.meet,Nathan Johnson
Laboratory Technician,Nick_Allcott1169@hepmv.store,Nick Allcott
Laboratory Technician,Penelope_John2641@bcfhs.tech,Penelope John
Laboratory Technician,Quinn_Drummond3256@cdpfn.edu,Quinn Drummond
Laboratory Technician,Rosalee_Emmott9175@yahoo.directory,Rosalee Emmott
Laboratory Technician,Vanessa_Ulyatt4323@cdpfn.shop,Vanessa Ulyatt
Lecturer,Bridget_Overson1924@dvqq2.works,Bridget Overson
Lecturer,Daphne_Terry7830@iscmr.edu,Daphne Terry
Lecturer,Elly_Clark3619@ag5wi.press,Elly Clark
Lecturer,Joseph_Andrews6759@ohqqh.mobi,Joseph Andrews
Lecturer,Kurt_Terry9451@avn7d.website,Kurt Terry
Lecturer,Luke_Stuart6717@iaart.services,Luke Stuart
Lecturer,Mara_Brett5897@1wa8o.zone,Mara Brett
Lecturer,Michael_Hope2484@voylg.edu,Michael Hope
Lecturer,Nathan_Gordon7056@yahoo.auction,Nathan Gordon
Lecturer,Peter_Gonzales4455@fhuux.com,Peter Gonzales
Lecturer,Rae_Ross1330@avn7d.store,Rae Ross
Lecturer,Rick_Penn5261@ds59r.page,Rick Penn
Lecturer,Russel_Gray2060@xqj6f.design,Russel Gray
Lecturer,Tiffany_Neville316@mpibr.site,Tiffany Neville
Loan Officer,Aileen_Buckley4052@bu2lo.us,Aileen Buckley
Loan Officer,Anthony_Hastings1422@mpibr.website,Anthony Hastings
Loan Officer,Bryon_Hewitt4265@bcfhs.design,Bryon Hewitt
Loan Officer,Carol_Wild8026@yafr7.property,Carol Wild
Loan Officer,Cassandra_Collis3853@urn0m.space,Cassandra Collis
Loan Officer,Daron_Welsch8183@yvu30.net,Daron Welsch
Loan Officer,Erica_Andrews168@nb44i.audio,Erica Andrews
Loan Officer,Estrella_Rowlands757@lhp4j.autos,Estrella Rowlands
Loan Officer,George_Phillips3830@avn7d.info,George Phillips
Loan Officer,Isabella_Radley2939@ckzyi.org,Isabella Radley
Loan Officer,Johnny_Appleton264@qu9ml.catering,Johnny Appleton
Loan Officer,Joy_Richards9566@xtwt3.video,Joy Richards
Loan Officer,Matt_Rivers906@avn7d.website,Matt Rivers
Loan Officer,Tyler_Powell8115@1wa8o.software,Tyler Powell
Loan Officer,Wade_Dyson89@nanoff.media,Wade Dyson
Machine Operator,Benny_Raven7489@cdpfn.center,Benny Raven
Machine Operator,Caleb_Tanner1309@v1wn5.digital,Caleb Tanner
Machine Operator,Carl_Clarkson599@gnjps.store,Carl Clarkson
Machine Operator,Chanelle_Turner9446@cdpfn.zone,Chanelle Turner
Machine Operator,Enoch_Saunders6583@y96lx.biz,Enoch Saunders
Machine Operator,Hadley_Gregory6184@y96lx.space,Hadley Gregory
Machine Operator,Harvey_Owen9920@avn7d.edu,Harvey Owen
Machine Operator,Jacob_Ward3404@yfxpw.digital,Jacob Ward
Machine Operator,Julius_John8714@nmz0p.auction,Julius John
Machine Operator,Maddison_Mccormick8600@cke3u.works,Maddison Mccormick
Machine Operator,Nathan_Malone2535@dvqq2.site,Nathan Malone
Machine Operator,Nathan_Shea9363@crzq7.press,Nathan Shea
Machine Operator,Peter_Bryson9101@kyb7t.online,Peter Bryson
Machine Operator,Rita_Jones9940@evyvh.video,Rita Jones
Machine Operator,Rufus_Chapman928@hepmv.page,Rufus Chapman
Machine Operator,Tyson_Ward9564@ohqqh.shop,Tyson Ward
Mobile Developer,Adina_Rose9191@dvqq2.website,Adina Rose
Mobile Developer,Britney_Gibson1529@lyvnc.ca,Britney Gibson
Mobile Developer,Chris_Needham5544@v1wn5.video,Chris Needham
Mobile Developer,Chris_Saunders9778@y96lx.solutions,Chris Saunders
Mobile Developer,Cynthia_Clark698@avn7d.space,Cynthia Clark
Mobile Developer,Danny_Robinson5187@1kmd3.audio,Danny Robinson
Mobile Developer,Daria_Gibbons2147@cdpfn.page,Daria Gibbons
Mobile Developer,Denny_Heaton5160@6ijur.business,Denny Heaton
Mobile Developer,Denny_Wooldridge367@urn0m.pro,Denny Wooldridge
Mobile Developer,Eduardo_Skinner1929@iscmr.catering,Eduardo Skinner
Mobile Developer,Gabriel_Blythe8623@jh02o.website,Gabriel Blythe
Mobile Developer,Henry_Oatway7049@fhuux.auction,Henry Oatway
Mobile Developer,Jayden_Ingham7145@mpibr.digital,Jayden Ingham
Mobile Developer,Makenzie_Sawyer5989@jcf8v.mobi,Makenzie Sawyer
Mobile Developer,Marvin_Martin5053@d9un8.website,Marvin Martin
Mobile Developer,Nate_Robinson6724@iscmr.meet,Nate Robinson
Mobile Developer,Percy_Alcroft1487@nmz0p.club,Percy Alcroft
Mobile Developer,Phillip_Pope1893@1wa8o.info,Phillip Pope
Operator,Alan_Kennedy7176@bqkv0.info,Alan Kennedy
Operator,Carl_Graves357@xtwt3.center,Carl Graves
Operator,Charlize_Ward4022@karnv.net,Charlize Ward
Operator,Chester_Parr9023@cdpfn.works,Chester Parr
Operator,Doug_Willson7737@jcf8v.press,Doug Willson
Operator,George_Sherry1732@karnv.ca,George Sherry
Operator,Gloria_Blythe5891@jcf8v.solutions,Gloria Blythe
Operator,Josh_Price6315@yahoo.press,Josh Price
Operator,Logan_Payne6674@ptr6k.tech,Logan Payne
Operator,Logan_Truscott9643@fhuux.autos,Logan Truscott
Operator,Mavis_Boyle5106@y96lx.media,Mavis Boyle
Operator,Maya_Bennett2274@fhuux.property,Maya Bennett
Operator,Mona_Cooper7461@gkvds.catering,Mona Cooper
Operator,Rhea_Kennedy6476@xqj6f.center,Rhea Kennedy
Operator,Rosie_Harris1470@uagvw.ca,Rosie Harris
Operator,Rufus_Leigh9891@jcf8v.store,Rufus Leigh
Operator,Valentina_Ring3115@nb44i.autos,Valentina Ring
Operator,Victoria_Cameron6314@gkvds.site,Victoria Cameron
Paramedic,Anthony_Clark2394@lyvnc.autos,Anthony Clark
Paramedic,Cedrick_Yang4462@yafr7.info,Cedrick Yang
Paramedic,Daron_Gordon320@v1wn5.software,Daron Gordon
Paramedic,Denis_Butler786@ds59r.online,Denis Butler
Paramedic,Erick_Sloan4382@ag5wi.audio,Erick Sloan
Paramedic,Fred_Jobson633@ds59r.catering,Fred Jobson
Paramedic,Gabriel_Dunbar3143@kyb7t.design,Gabriel Dunbar
Paramedic,Javier_Stuart8966@bu2lo.edu,Javier Stuart
Paramedic,Johnathan_Shepherd4255@yvu30.online,Johnathan Shepherd
Paramedic,Josh_Farmer4808@avn7d.zone,Josh Farmer
Paramedic,Julian_Henderson3627@yafr7.app,Julian Henderson
Paramedic,Lucas_Richardson1012@xtwt3.video,Lucas Richardson
Paramedic,Marla_Knight8582@qu9ml.info,Marla Knight
Paramedic,Owen_Moran3466@chkzl.solutions,Owen Moran
Paramedic,Sage_Morris2871@cke3u.info,Sage Morris
Paramedic,Tom_Larsen1702@lyvnc.host,Tom Larsen
Pharmacist,Bryce_Mason2086@ag5wi.name,Bryce Mason
Pharmacist,Chuck_Salt6669@iaart.ca,Chuck Salt
Pharmacist,Cristal_Adler3897@v1wn5.info,Cristal Adler
Pharmacist,Crystal_Hunter8676@yfxpw.mobi,Crystal Hunter
Pharmacist,Cynthia_Townend4243@dvqq2.store,Cynthia Townend
Pharmacist,Erick_Clarke8847@ckzyi.mobi,Erick Clarke
Pharmacist,Hazel_Ebden6246@nb44i.biz,Hazel Ebden
Pharmacist,Janelle_Dixon1654@bcfhs.us,Janelle Dixon
Pharmacist,Lillian_Fisher5092@v1wn5.autos,Lillian Fisher
Pharmacist,Logan_Walter7886@3wbkp.pro,Logan Walter
Pharmacist,Makena_Taylor6634@bu2lo.auction,Makena Taylor
Pharmacist,Marissa_Norris9338@yafr7.online,Marissa Norris
Pharmacist,Mark_Jones8490@ckzyi.software,Mark Jones
Pharmacist,Noah_Mould5198@crzq7.app,Noah Mould
Pharmacist,Peter_Wills3132@qu9ml.press,Peter Wills
Pharmacist,Piper_Goldsmith2533@lhp4j.info,Piper Goldsmith
Pharmacist,Rihanna_Michael2936@iaart.design,Rihanna Michael
Physician,Adeline_Yang7173@voylg.media,Adeline Yang
Physician,Alexa_Powell99@lyvnc.directory,Alexa Powell
Physician,Angel_Mitchell1431@1kmd3.name,Angel Mitchell
Physician,Barney_Pickard4899@nmz0p.catering,Barney Pickard
Physician,Barry_Groves9899@lhp4j.digital,Barry Groves
Physician,Brooklyn_Hunter1122@gkvds.works,Brooklyn Hunter
Physician,Cassidy_Norton8735@nmz0p.works,Cassidy Norton
Physician,Elena_Kelly5272@ckzyi.mobi,Elena Kelly
Physician,George_James5912@ag5wi.store,George James
Physician,Goldie_Vinton6979@dbxli.us,Goldie Vinton
Physician,Goldie_Williams1321@yfxpw.zone,Goldie Williams
Physician,Hayden_Robertson332@ptr6k.com,Hayden Robertson
Physician,Ivette_Myatt6773@ptr6k.info,Ivette Myatt
Physician,Jade_Morley5238@dvqq2.property,Jade Morley
Physician,Jennifer_Shea5122@ckzyi.us,Jennifer Shea
Physician,Liam_Rodwell9229@voylg.shop,Liam Rodwell
Physician,Melody_Walker3791@karnv.online,Melody Walker
Physician,Molly_Cowan5351@y96lx.audio,Molly Cowan
Physician,Nate_Flynn651@xqj6f.biz,Nate Flynn
Physician,Paige_Cork200@bu2lo.pro,Paige Cork
Physician,Rae_Ring3260@ag5wi.tech,Rae Ring
Physician,Rosa_Lewis9438@dbxli.tech,Rosa Lewis
Physician,Sydney_Roberts4334@6ijur.media,Sydney Roberts
Physician,Tony_Jones7460@chkzl.directory,Tony Jones
Physician,Tyler_Farrow5979@1kmd3.press,Tyler Farrow
Production Painter,Abbey_Hudson4640@cdpfn.info,Abbey Hudson
Production Painter,Aiden_Varley2467@fhuux.org,Aiden Varley
Production Painter,Alex_Durrant6174@mpibr.tech,Alex Durrant
Production Painter,Cadence_Styles4048@ptr6k.media,Cadence Styles
Production Painter,Carl_Burnley2556@yafr7.website,Carl Burnley
Production Painter,Celia_Greenwood3931@iscmr.info,Celia Greenwood
Production Painter,Chris_Ward8494@p5emz.auction,Chris Ward
Production Painter,Denis_Davies8456@ptr6k.site,Denis Davies
Production Painter,Gabriel_Brown6909@bqkv0.space,Gabriel Brown
Production Painter,Hank_Graham5510@jcf8v.online,Hank Graham
Production Painter,Jacob_Mason3194@evyvh.app,Jacob Mason
Production Painter,Jayden_Donovan6380@v1wn5.solutions,Jayden Donovan
Production Painter,John_Cavanagh7583@bqkv0.zone,John Cavanagh
Production Painter,Johnny_Bryson3683@dvqq2.com,Johnny Bryson
Production Painter,Johnny_Wilkinson2546@qu9ml.shop,Johnny Wilkinson
Production Painter,Joyce_Funnell9998@nmz0p.auction,Joyce Funnell
Production Painter,Juliette_Leslie8653@c2nyu.online,Juliette Leslie
Production Painter,Mark_Smith6256@cdpfn.works,Mark Smith
Production Painter,Melania_Rigg1588@cdpfn.host,Melania Rigg
Production Painter,Michael_Daniells727@iscmr.space,Michael Daniells
Production Painter,Ronald_Murray2614@iaart.shop,Ronald Murray
Production Painter,Sasha_Carter9940@fhuux.host,Sasha Carter
Production Painter,Taylor_Woodcock3794@nb44i.media,Taylor Woodcock
Production Painter,Wendy_Watson8532@ohqqh.biz,Wendy Watson
Project Manager,Chris_Funnell5202@evyvh.info,Chris Funnell
Project Manager,Daniel_Graves7994@d9un8.biz,Daniel Graves
Project Manager,Fred_Purvis4874@6ijur.autos,Fred Purvis
Project Manager,Jaylene_Chadwick6728@crzq7.design,Jaylene Chadwick
Project Manager,Julius_Weldon1934@xqj6f.design,Julius Weldon
Project Manager,Martin_Robe8242@bu2lo.autos,Martin Robe
Project Manager,Noah_Buckley9705@yafr7.software,Noah Buckley
Project Manager,Rachael_Tobin8555@voylg.info,Rachael Tobin
Restaurant Manager,Aiden_Tobin3268@fhuux.biz,Aiden Tobin
Restaurant Manager,Audrey_Farrant8084@yafr7.club,Audrey Farrant
Restaurant Manager,Barney_Terry4214@ptr6k.ca,Barney Terry
Restaurant Manager,Caydence_Wren5202@dbxli.solutions,Caydence Wren
Restaurant Manager,Daniel_Hill2800@cke3u.media,Daniel Hill
Restaurant Manager,Erick_Ellwood6713@evyvh.property,Erick Ellwood
Restaurant Manager,Harry_Mcneill8124@mpibr.store,Harry Mcneill
Restaurant Manager,Jack_Gavin413@mpibr.online,Jack Gavin
Restaurant Manager,Luke_Vince9639@mpibr.com,Luke Vince
Restaurant Manager,Maxwell_Tyrrell3034@karnv.solutions,Maxwell Tyrrell
Restaurant Manager,Nate_Rose4886@bcfhs.auction,Nate Rose
Restaurant Manager,Norah_Callan2824@jcf8v.website,Norah Callan
Restaurant Manager,Phillip_Boden3879@kyb7t.video,Phillip Boden
Restaurant Manager,Ruth_Hancock3577@nanoff.solutions,Ruth Hancock
Restaurant Manager,Stella_Parr2999@crzq7.info,Stella Parr
Restaurant Manager,Valerie_Tutton5002@yahoo.media,Valerie Tutton
Restaurant Manager,William_Hilton5416@jh02o.works,William Hilton
Retail Trainee,Alison_Jarvis3574@zynuu.business,Alison Jarvis
Retail Trainee,Cedrick_Haines146@bcfhs.audio,Cedrick Haines
Retail Trainee,Chadwick_Lomax3576@yahoo.page,Chadwick Lomax
Retail Trainee,Chloe_Hudson4248@yafr7.info,Chloe Hudson
Retail Trainee,Chloe_Warren9505@yvu30.solutions,Chloe Warren
Retail Trainee,Elijah_Chadwick3735@iscmr.biz,Elijah Chadwick
Retail Trainee,Evelynn_Hobbs5269@c2nyu.name,Evelynn Hobbs
Retail Trainee,Hank_Lane6154@3wbkp.org,Hank Lane
Retail Trainee,Hank_Matthews982@xqj6f.shop,Hank Matthews
Retail Trainee,Kurt_Robinson5401@1wa8o.name,Kurt Robinson
Retail Trainee,Leroy_Trent6656@evyvh.press,Leroy Trent
Retail Trainee,Liam_Stone 8358@iscmr.page,Liam Stone
Retail Trainee,Maxwell_Knight187@ckzyi.com,Maxwell Knight
Retail Trainee,Oliver_Hunt1376@yvu30.works,Oliver Hunt
Retail Trainee,Percy_Snow8177@yvu30.press,Percy Snow
Retail Trainee,Rick_Wright4262@gkvds.zone,Rick Wright
Retail Trainee,Ronald_Knott7966@yafr7.software,Ronald Knott
Retail Trainee,Sabrina_Vince4733@ptr6k.club,Sabrina Vince
Retail Trainee,Valerie_Potts5516@yfxpw.online,Valerie Potts
Retail Trainee,Vivian_Giles2327@gkvds.shop,Vivian Giles
Retail Trainee,William_Watson9875@gkvds.tech,William Watson
Service Supervisor,Analise_Lynn4374@bu2lo.tech,Analise Lynn
Service Supervisor,Analise_Parker2355@lhp4j.club,Analise Parker
Service Supervisor,Anne_Exton4472@karnv.zone,Anne Exton
Service Supervisor,Cedrick_Cunningham2504@nmz0p.info,Cedrick Cunningham
Service Supervisor,Daron_Connell9181@ag5wi.org,Daron Connell
Service Supervisor,Eduardo_Raven5944@voylg.site,Eduardo Raven
Service Supervisor,Elle_Locke5248@uagvw.biz,Elle Locke
Service Supervisor,Emely_Adams5827@qu9ml.org,Emely Adams
Service Supervisor,Emerald_Speed9647@avn7d.page,Emerald Speed
Service Supervisor,Esmeralda_Robertson4376@hepmv.info,Esmeralda Robertson
Service Supervisor,Evie_Dale1968@qu9ml.host,Evie Dale
Service Supervisor,Hank_Campbell1862@ckzyi.software,Hank Campbell
Service Supervisor,Leroy_Gibson2941@mpibr.info,Leroy Gibson
Service Supervisor,Luke_Vallory278@cke3u.us,Luke Vallory
Service Supervisor,Noah_Ellison5531@nb44i.name,Noah Ellison
Service Supervisor,Paige_Redwood1265@xqj6f.info,Paige Redwood
Service Supervisor,Piper_Alcroft193@v1wn5.info,Piper Alcroft
Software Engineer,Alex_Cowan6777@6ijur.edu,Alex Cowan
Software Engineer,Cadence_Ellwood3236@6ijur.us,Cadence Ellwood
Software Engineer,Chris_Curtis1019@uagvw.works,Chris Curtis
Software Engineer,Domenic_Burnley2753@p5emz.directory,Domenic Burnley
Software Engineer,Doug_Thatcher3755@uagvw.digital,Doug Thatcher
Software Engineer,Felicity_Martin2516@voylg.business,Felicity Martin
Software Engineer,Jamie_Lindop424@voylg.zone,Jamie Lindop
Software Engineer,Janice_Sherwood898@1wa8o.property,Janice Sherwood
Software Engineer,Javier_Brennan8847@ptr6k.biz,Javier Brennan
Software Engineer,Julius_Jeffery1107@karnv.edu,Julius Jeffery
Software Engineer,Kamila_Robinson1690@dvqq2.website,Kamila Robinson
Software Engineer,Luke_Walton6693@evyvh.video,Luke Walton
Software Engineer,Luna_Reyes8683@ohqqh.com,Luna Reyes
Software Engineer,Marigold_Addison1999@mpibr.info,Marigold Addison
Software Engineer,Michael_Quinn2558@jcf8v.press,Michael Quinn
Software Engineer,Scarlett_Flynn6285@gkvds.mobi,Scarlett Flynn
Software Engineer,Sloane_Darcy2034@nb44i.host,Sloane Darcy
Staffing Consultant,Adela_Pratt1438@chkzl.software,Adela Pratt
Staffing Consultant,Alex_Russell5213@uagvw.video,Alex Russell
Staffing Consultant,Bart_Lyon5798@bqkv0.directory,Bart Lyon
Staffing Consultant,Blake_Anderson4793@jcf8v.info,Blake Anderson
Staffing Consultant,Chad_Vangness8623@voylg.audio,Chad Vangness
Staffing Consultant,Denis_Hewitt374@avn7d.app,Denis Hewitt
Staffing Consultant,Fred_Abbey9059@lhp4j.info,Fred Abbey
Staffing Consultant,Henry_Emmett5393@gnjps.us,Henry Emmett
Staffing Consultant,Jacob_Taylor1648@ptr6k.tech,Jacob Taylor
Staffing Consultant,Jenna_Devonport4830@yafr7.catering,Jenna Devonport
Staffing Consultant,Lucas_Parsons8372@lyvnc.autos,Lucas Parsons
Staffing Consultant,Luke_James9111@cke3u.page,Luke James
Staffing Consultant,Luke_Stone6691@yafr7.auction,Luke Stone
Staffing Consultant,Mark_Bell8958@ohqqh.press,Mark Bell
Staffing Consultant,Naomi_Shaw3871@chkzl.autos,Naomi Shaw
Staffing Consultant,Nicholas_Amstead6489@lyvnc.store,Nicholas Amstead
Staffing Consultant,Rihanna_Martin709@yahoo.info,Rihanna Martin
Staffing Consultant,Rufus_Forth1303@nmz0p.net,Rufus Forth
Staffing Consultant,Ryan_Ring5256@zynuu.business,Ryan Ring
Staffing Consultant,Stella_Whitehouse4491@kyb7t.org,Stella Whitehouse
Staffing Consultant,Tony_Burge3734@zynuu.works,Tony Burge
Steward,Andie_Locke3119@evyvh.store,Andie Locke
Steward,Benjamin_Vince8836@ag5wi.space,Benjamin Vince
Steward,Carter_Reading7953@ptr6k.mobi,Carter Reading
Steward,Chris_Watt332@xqj6f.website,Chris Watt
Steward,Cynthia_King7757@bqkv0.name,Cynthia King
Steward,Gabriel_Higgs77@uagvw.press,Gabriel Higgs
Steward,Hanna_Zaoui6782@3wbkp.video,Hanna Zaoui
Steward,Havana_Saunders3018@dvqq2.solutions,Havana Saunders
Steward,John_Patel6048@ckzyi.info,John Patel
Steward,Marissa_Shelton1176@fhuux.website,Marissa Shelton
Steward,Mark_Norman7501@3wbkp.meet,Mark Norman
Steward,Maxwell_Jefferson4636@yfxpw.catering,Maxwell Jefferson
Steward,Percy_Fox1269@p5emz.services,Percy Fox
Steward,Rocco_Stone2248@iscmr.press,Rocco Stone
Steward,Roger_Wise9940@nb44i.business,Roger Wise
Steward,Tom_Villiger5118@bcfhs.works,Tom Villiger
Stockbroker,Carina_Robertson9554@jh02o.net,Carina Robertson
Stockbroker,Caydence_Noon8385@xtwt3.works,Caydence Noon
Stockbroker,Eden_Becker778@ckzyi.center,Eden Becker
Stockbroker,Georgia_Mccall6882@c2nyu.media,Georgia Mccall
Stockbroker,Josh_Richardson3963@crzq7.audio,Josh Richardson
Stockbroker,Julian_Purvis2872@dvqq2.video,Julian Purvis
Stockbroker,Julius_White6471@mpibr.mobi,Julius White
Stockbroker,Makena_Rixon6411@lyvnc.net,Makena Rixon
Stockbroker,Maribel_Gibbons2665@dvqq2.software,Maribel Gibbons
Stockbroker,Marie_Forester5801@c2nyu.video,Marie Forester
Stockbroker,Marilyn_Richardson2951@dvqq2.edu,Marilyn Richardson
Stockbroker,Martha_Rivers6160@bcfhs.auction,Martha Rivers
Stockbroker,Maxwell_Evans2768@evyvh.app,Maxwell Evans
Stockbroker,Michael_Swift3915@xqj6f.com,Michael Swift
Stockbroker,Michael_Vaughan638@1wa8o.org,Michael Vaughan
Stockbroker,Sage_Johnson8154@avn7d.media,Sage Johnson
Stockbroker,Sydney_Mackenzie509@1kmd3.info,Sydney Mackenzie
Systems Administrator,Abdul_Scott668@xtwt3.business,Abdul Scott
Systems Administrator,Benny_Varndell4115@c2nyu.property,Benny Varndell
Systems Administrator,Bob_Harvey8880@evyvh.info,Bob Harvey
Systems Administrator,Bob_Taylor1806@chkzl.directory,Bob Taylor
Systems Administrator,Caleb_Graves9206@voylg.software,Caleb Graves
Systems Administrator,Gabriel_Richardson7265@ds59r.info,Gabriel Richardson
Systems Administrator,George_Ballard80@jcf8v.auction,George Ballard
Systems Administrator,George_Zaoui1993@jh02o.digital,George Zaoui
Systems Administrator,Ilona_Herbert2918@d9un8.us,Ilona Herbert
Systems Administrator,Isla_Pitt3524@dbxli.media,Isla Pitt
Systems Administrator,Janelle_Kennedy3458@jh02o.name,Janelle Kennedy
Systems Administrator,Joseph_Holmes2024@yafr7.store,Joseph Holmes
Systems Administrator,Mark_Hardwick9484@c2nyu.online,Mark Hardwick
Systems Administrator,Nicholas_Vince9452@1wa8o.page,Nicholas Vince
Systems Administrator,Peter_Ross4514@gnjps.page,Peter Ross
Systems Administrator,Phillip_Edler2133@xtwt3.shop,Phillip Edler
Systems Administrator,Phillip_Rigg2950@bqkv0.space,Phillip Rigg
Systems Administrator,Tyson_Williams7581@ptr6k.name,Tyson Williams
Treasurer,Alessandra_Groves4047@urn0m.com,Alessandra Groves
Treasurer,Barry_Jordan1423@v1wn5.us,Barry Jordan
Treasurer,Boris_Turner2800@y96lx.biz,Boris Turner
Treasurer,Elijah_Stark8434@lhp4j.ca,Elijah Stark
Treasurer,Helen_Irving1989@avn7d.video,Helen Irving
Treasurer,Lindsay_Radley7088@ohqqh.zone,Lindsay Radley
Treasurer,Maggie_Slater2040@iaart.app,Maggie Slater
Treasurer,Matt_Faulkner7230@gkvds.center,Matt Faulkner
Treasurer,Matthew_Smith5969@nmz0p.info,Matthew Smith
Treasurer,Megan_Mould679@lhp4j.com,Megan Mould
Treasurer,Noah_King3457@avn7d.org,Noah King
Treasurer,Oliver_Brown8167@p5emz.center,Oliver Brown
Web Developer,Alexander_Cassidy2544@lhp4j.host,Alexander Cassidy
Web Developer,Charlotte_Hardwick125@1wa8o.zone,Charlotte Hardwick
Web Developer,Chuck_Lane1983@p5emz.host,Chuck Lane
Web Developer,Clarissa_Squire6278@yafr7.design,Clarissa Squire
Web Developer,Denis_Newton715@hepmv.store,Denis Newton
Web Developer,Eduardo_Brooks4198@kyb7t.autos,Eduardo Brooks
Web Developer,Janelle_Appleton9935@urn0m.club,Janelle Appleton
Web Developer,Jayden_Oliver3167@kyb7t.digital,Jayden Oliver
Web Developer,Juliette_Dobson171@hepmv.org,Juliette Dobson
Web Developer,Kurt_Harvey3997@yfxpw.app,Kurt Harvey
Web Developer,Mark_Lambert4262@crzq7.design,Mark Lambert
Web Developer,Matthew_Preston9836@iaart.us,Matthew Preston
Web Developer,Ronald_James5340@kyb7t.audio,Ronald James
Web Developer,Sadie_Campbell4213@1kmd3.press,Sadie Campbell
Web Developer,Tom_Gardner4768@crzq7.app,Tom Gardner
Web Developer,William_Asher4705@3wbkp.host,William Asher
Webmaster,Brooklyn_Uttley7504@xtwt3.store,Brooklyn Uttley
Webmaster,Caleb_Thompson5003@yafr7.online,Caleb Thompson
Webmaster,Daron_Watt2842@dvqq2.biz,Daron Watt
Webmaster,Harvey_Adler9329@1wa8o.info,Harvey Adler
Webmaster,Harvey_Warden2095@kyb7t.press,Harvey Warden
Webmaster,Mackenzie_Brooks7375@evyvh.ca,Mackenzie Brooks
Webmaster,Mason_Vane4751@mpibr.edu,Mason Vane
Webmaster,Rihanna_Roberts58@crzq7.auction,Rihanna Roberts
Webmaster,Sydney_Turner3014@1wa8o.media,Sydney Turner
Webmaster,Wendy_Mason27@gkvds.pro,Wendy Mason
