Accountant,Abdul_Pitt179@1wa8o.property,Abdul Pitt
Accountant,Adalind_Clifford9002@yafr7.works,Adalind Clifford
Accountant,Cameron_Horton6005@ckzyi.info,Cameron Horton
Accountant,Dalia_Palmer2451@mpibr.website,Dalia Palmer
Accountant,Dasha_Norman9836@c2nyu.mobi,Dasha Norman
Accountant,Denis_Grant7869@ds59r.info,Denis Grant
Accountant,Esmeralda_Whittle4265@crzq7.software,Esmeralda Whittle
Accountant,Faith_Lunt296@xqj6f.autos,Faith Lunt
Accountant,Francesca_Matthews6743@yvu30.design,Francesca Matthews
Accountant,Gwenyth_Dixon10@mpibr.space,Gwenyth Dixon
Accountant,Henry_Griffiths8915@p5emz.business,Henry Griffiths
Accountant,Makena_Taylor4917@qu9ml.online,Makena Taylor
Accountant,Nancy_Appleton7244@qu9ml.online,Nancy Appleton
Accountant,Regina_Thorne5123@urn0m.store,Regina Thorne
Accountant,Sienna_Dowson4719@hepmv.app,Sienna Dowson
Ambulatory Nurse,Cara_Connor3726@v1wn5.zone,Cara Connor
Ambulatory Nurse,Chad_Nelson1842@voylg.info,Chad Nelson
Ambulatory Nurse,Elena_Cox6453@xqj6f.shop,Elena Cox
Ambulatory Nurse,Ema_Pierce4284@yfxpw.tech,Ema Pierce
Ambulatory Nurse,Jamie_Ebbs2822@ptr6k.com,Jamie Ebbs
Ambulatory Nurse,Julian_Thorne2746@uagvw.software,Julian Thorne
Ambulatory Nurse,Lillian_Santos6397@yfxpw.audio,Lillian Santos
Ambulatory Nurse,Liv_Boden2317@cdpfn.ca,Liv Boden
Ambulatory Nurse,Logan_Pierce7586@y96lx.store,Logan Pierce
Ambulatory Nurse,Marvin_Wilson6330@yvu30.club,Marvin Wilson
Ambulatory Nurse,Mason_Martin2607@bu2lo.website,Mason Martin
Ambulatory Nurse,Nick_Blythe3994@voylg.app,Nick Blythe
Ambulatory Nurse,Noah_Styles574@voylg.app,Noah Styles
Ambulatory Nurse,Penny_Archer6800@p5emz.ca,Penny Archer
Ambulatory Nurse,Phillip_Reid8868@p5emz.store,Phillip Reid
Ambulatory Nurse,Phillip_Verdon3612@1wa8o.software,Phillip Verdon
Ambulatory Nurse,Shay_Farrant8878@xqj6f.tech,Shay Farrant
Ambulatory Nurse,Stephanie_Gonzales8831@zynuu.website,Stephanie Gonzales
Ambulatory Nurse,Tania_Kelly9861@urn0m.directory,Tania Kelly
Ambulatory Nurse,Tony_Clarke1630@crzq7.digital,Tony Clarke
Ambulatory Nurse,Tyson_Brett7433@nanoff.page,Tyson Brett
Ambulatory Nurse,Vivian_Potts7993@yahoo.center,Vivian Potts
Ambulatory Nurse,William_Neal9578@c2nyu.directory,William Neal
Assistant Buyer,Caleb_Thomson2224@jcf8v.website,Caleb Thomson
Assistant Buyer,Caydence_Nanton596@dbxli.video,Caydence Nanton
Assistant Buyer,Cherish_Tanner8754@bu2lo.tech,Cherish Tanner
Assistant Buyer,Daniel_Parker9427@xqj6f.host,Daniel Parker
Assistant Buyer,Harvey_Huggins1792@1wa8o.store,Harvey Huggins
Assistant Buyer,Henry_Poole6192@c2nyu.autos,Henry Poole
Assistant Buyer,Jolene_Judd5300@yafr7.services,Jolene Judd
Assistant Buyer,Karla_Lowe1294@3wbkp.center,Karla Lowe
Assistant Buyer,Melanie_Rowan8894@y96lx.tech,Melanie Rowan
Assistant Buyer,Nate_Coll1308@lyvnc.shop,Nate Coll
Assistant Buyer,Nate_Craig9853@nmz0p.solutions,Nate Craig
Assistant Buyer,Paige_Willis7757@gnjps.services,Paige Willis
Assistant Buyer,Parker_Wright979@1wa8o.solutions,Parker Wright
Assistant Buyer,Rosa_Robinson9584@yvu30.solutions,Rosa Robinson
Assistant Buyer,Rufus_Hepburn4787@iscmr.website,Rufus Hepburn
Assistant Buyer,Sabina_Barclay8617@jh02o.pro,Sabina Barclay
Assistant Buyer,Sofia_Eastwood7403@kyb7t.website,Sofia Eastwood
Assistant Buyer,Stella_Lewis2148@voylg.org,Stella Lewis
Associate Professor,Bart_Rogers4890@zynuu.zone,Bart Rogers
Associate Professor,Boris_Rowan4648@bcfhs.net,Boris Rowan
Associate Professor,Daniel_Kerr5829@nanoff.club,Daniel Kerr
Associate Professor,Destiny_White8687@nmz0p.website,Destiny White
Associate Professor,Emerald_Tait1031@nmz0p.shop,Emerald Tait
Associate Professor,Gabriel_Mcgee1313@3wbkp.tech,Gabriel Mcgee
Associate Professor,George_Graham4439@1wa8o.works,George Graham
Associate Professor,Joseph_Varley9238@y96lx.page,Joseph Varley
Associate Professor,Lexi_Torres1845@6ijur.services,Lexi Torres
Associate Professor,Oliver_Olson5573@1kmd3.shop,Oliver Olson
Associate Professor,Penny_Reading7705@bu2lo.tech,Penny Reading
Associate Professor,Phillip_Turner6891@crzq7.directory,Phillip Turner
Associate Professor,Remy_Collins2906@ckzyi.works,Remy Collins
Associate Professor,Sofie_Wigley1922@xqj6f.host,Sofie Wigley
Audiologist,Chris_Ulyatt7738@1kmd3.app,Chris Ulyatt
Audiologist,Danny_Curtis8502@xtwt3.info,Danny Curtis
Audiologist,Gladys_Grey506@p5emz.us,Gladys Grey
Audiologist,Hazel_Clifford1361@lyvnc.property,Hazel Clifford
Audiologist,Janice_Davies1122@karnv.info,Janice Davies
Audiologist,Jayden_Cann5520@nanoff.space,Jayden Cann
Audiologist,John_Partridge6947@iaart.store,John Partridge
Audiologist,Joseph_Walker1439@bcfhs.page,Joseph Walker
Audiologist,Josh_Stewart7811@dbxli.pro,Josh Stewart
Audiologist,Judith_Styles3725@ag5wi.info,Judith Styles
Audiologist,Nick_Rogers1127@dbxli.club,Nick Rogers
Audiologist,Oliver_Uddin8173@1wa8o.zone,Oliver Uddin
Audiologist,Rick_Hancock5850@cke3u.property,Rick Hancock
Audiologist,Ruth_Cox2414@mpibr.zone,Ruth Cox
Audiologist,Tom_Tait804@crzq7.press,Tom Tait
Audiologist,Tyson_Nash1409@c2nyu.video,Tyson Nash
Auditor,Alba_Abbot9486@bcfhs.autos,Alba Abbot
Auditor,Enoch_Rycroft2522@bu2lo.software,Enoch Rycroft
Auditor,Erick_Goodman6146@c2nyu.store,Erick Goodman
Auditor,Estrella_Rivers367@jcf8v.host,Estrella Rivers
Auditor,Gabriel_Wild6993@bcfhs.property,Gabriel Wild
Auditor,Hannah_Torres8419@ckzyi.com,Hannah Torres
Auditor,Johnathan_Addis9481@bu2lo.video,Johnathan Addis
Auditor,Keira_Sherwood960@iscmr.club,Keira Sherwood
Auditor,Marie_Casey9807@ptr6k.pro,Marie Casey
Auditor,Matt_Flett2339@bu2lo.ca,Matt Flett
Auditor,Mayleen_Jobson7866@karnv.works,Mayleen Jobson
Auditor,Michael_Whitmore405@nanoff.property,Michael Whitmore
Auditor,Nicholas_Lindsay7196@urn0m.ca,Nicholas Lindsay
Auditor,Owen_Waterson4968@dvqq2.edu,Owen Waterson
Auditor,Rick_Nicolas8296@y96lx.website,Rick Nicolas
Auditor,Roger_Moss6378@uagvw.software,Roger Moss
Auditor,Shay_Parker566@ckzyi.pro,Shay Parker
Auditor,Tyler_Downing1653@bu2lo.mobi,Tyler Downing
Baker,Alan_Overson5471@dbxli.tech,Alan Overson
Baker,Alex_Shepherd8743@bcfhs.page,Alex Shepherd
Baker,Anabel_Dubois5405@yafr7.website,Anabel Dubois
Baker,Barry_Wood6452@fhuux.app,Barry Wood
Baker,Cameron_Bolton7947@lhp4j.property,Cameron Bolton
Baker,Chad_Jacobs4237@ckzyi.digital,Chad Jacobs
Baker,Chris_Fleming1311@mpibr.center,Chris Fleming
Baker,Elena_Patel7588@uagvw.org,Elena Patel
Baker,Emely_Gilmour102@dbxli.edu,Emely Gilmour
Baker,Ethan_Eddison8050@dvqq2.com,Ethan Eddison
Baker,Harvey_Eagle6867@bqkv0.video,Harvey Eagle
Baker,John_Skinner6906@bcfhs.property,John Skinner
Baker,Julia_Wilkinson5556@crzq7.video,Julia Wilkinson
Baker,Kieth_Vinton3044@jh02o.business,Kieth Vinton
Baker,Logan_Swan4155@mpibr.com,Logan Swan
Baker,Nick_Nanton945@d9un8.info,Nick Nanton
Baker,Rosemary_Whitehouse1890@nmz0p.press,Rosemary Whitehouse
Baker,Russel_Mcgregor9397@karnv.site,Russel Mcgregor
Baker,Sarah_Matthews2622@1wa8o.services,Sarah Matthews
Baker,Willow_Wilde8897@ag5wi.store,Willow Wilde
Banker,Abdul_Warner4474@voylg.mobi,Abdul Warner
Banker,Adela_Spencer9007@bu2lo.video,Adela Spencer
Banker,Alessia_Varndell8419@y96lx.tech,Alessia Varndell
Banker,Anais_Murphy3414@voylg.store,Anais Murphy
Banker,Carmen_Weasley9039@nb44i.video,Carmen Weasley
Banker,Deborah_Salt2686@hepmv.com,Deborah Salt
Banker,Evie_Gilmore6715@yfxpw.autos,Evie Gilmore
Banker,Gladys_Thompson3557@nanoff.club,Gladys Thompson
Banker,Harry_Weasley7192@lhp4j.pro,Harry Weasley
Banker,Iris_Sanchez668@karnv.ca,Iris Sanchez
Banker,Ivette_Lindop6612@d9un8.media,Ivette Lindop
Banker,Kurt_Patel6178@fhuux.website,Kurt Patel
Banker,Logan_Marshall9957@gkvds.club,Logan Marshall
Banker,Maxwell_Adams599@v1wn5.services,Maxwell Adams
Banker,Natalie_Shaw3970@nmz0p.media,Natalie Shaw
Banker,Noah_Clarke7531@bqkv0.works,Noah Clarke
Banker,Rick_Ingham4150@iscmr.catering,Rick Ingham
Banker,Zoe_Gavin3705@ckzyi.website,Zoe Gavin
Bellman,Boris_Yard8414@evyvh.design,Boris Yard
Bellman,Candice_Amstead8422@jcf8v.design,Candice Amstead
Bellman,Grace_Hancock5503@chkzl.info,Grace Hancock
Bellman,Jackeline_Garcia999@gnjps.app,Jackeline Garcia
Bellman,Joseph_Farrow8493@fhuux.design,Joseph Farrow
Bellman,Martin_Graves7055@3wbkp.page,Martin Graves
Bellman,Melinda_Randall9271@bu2lo.audio,Melinda Randall
Bellman,Michael_Grady131@dvqq2.net,Michael Grady
Bellman,Vicky_Milner6659@iaart.software,Vicky Milner
Biologist,Alex_Huggins9118@fhuux.online,Alex Huggins
Biologist,Brad_Woodcock6478@bqkv0.us,Brad Woodcock
Biologist,Caleb_Funnell2037@hepmv.ca,Caleb Funnell
Biologist,Cedrick_Hilton9846@lyvnc.press,Cedrick Hilton
Biologist,Elijah_Todd1017@d9un8.video,Elijah Todd
Biologist,Elle_Lewin8602@cke3u.app,Elle Lewin
Biologist,Erica_Reynolds8088@karnv.audio,Erica Reynolds
Biologist,Freya_Benson4417@karnv.biz,Freya Benson
Biologist,Hank_Paterson6325@ag5wi.org,Hank Paterson
Biologist,Hannah_Miller2242@lhp4j.property,Hannah Miller
Biologist,Jolene_Pierce3673@evyvh.software,Jolene Pierce
Biologist,Liliana_Ellison5192@yfxpw.info,Liliana Ellison
Biologist,Lillian_Parr7732@xqj6f.pro,Lillian Parr
Biologist,Luke_Penn6356@xqj6f.software,Luke Penn
Biologist,Nancy_Garcia1784@y96lx.auction,Nancy Garcia
Biologist,Rick_Miller7833@avn7d.edu,Rick Miller
Biologist,Sara_Shepherd5323@ckzyi.center,Sara Shepherd
Biologist,Sebastian_Trent5080@3wbkp.auction,Sebastian Trent
Biologist,Tyson_Walker3527@1wa8o.store,Tyson Walker
Biologist,William_Whinter2016@jcf8v.services,William Whinter
Bookkeeper,Alan_Nurton2961@1wa8o.zone,Alan Nurton
Bookkeeper,Benjamin_Baker3480@yfxpw.space,Benjamin Baker
Bookkeeper,Brad_Morrow2698@ag5wi.design,Brad Morrow
Bookkeeper,Catherine_Middleton3714@v1wn5.property,Catherine Middleton
Bookkeeper,Caydence_Morrow6267@yfxpw.solutions,Caydence Morrow
Bookkeeper,Cedrick_Redfern8480@gnjps.business,Cedrick Redfern
Bookkeeper,Colleen_Pierce8545@nanoff.works,Colleen Pierce
Bookkeeper,Hannah_Boyle6595@xqj6f.services,Hannah Boyle
Bookkeeper,Luke_Alldridge8101@iscmr.directory,Luke Alldridge
Bookkeeper,Vicky_Pond6416@nanoff.biz,Vicky Pond
Budget Analyst,Agnes_Quinnell7040@jh02o.audio,Agnes Quinnell
Budget Analyst,Boris_Norburn619@gnjps.space,Boris Norburn
Budget Analyst,Charlotte_Cunningham7168@karnv.info,Charlotte Cunningham
Budget Analyst,Dasha_Baker566@mpibr.info,Dasha Baker
Budget Analyst,Doug_Bloom29@1wa8o.digital,Doug Bloom
Budget Analyst,Ember_Corbett2770@evyvh.host,Ember Corbett
Budget Analyst,Enoch_Price4026@y96lx.solutions,Enoch Price
Budget Analyst,Kassandra_Ainsworth5625@xqj6f.name,Kassandra Ainsworth
Budget Analyst,Leah_Ross48@6ijur.us,Leah Ross
Budget Analyst,Melody_Henderson3890@crzq7.software,Melody Henderson
Budget Analyst,Michael_Bell1411@iscmr.catering,Michael Bell
Budget Analyst,Nicholas_Adams1454@cke3u.video,Nicholas Adams
Budget Analyst,Owen_Pearson3822@jcf8v.org,Owen Pearson
Budget Analyst,Percy_Benfield232@gnjps.store,Percy Benfield
Budget Analyst,Ronald_Booth6174@evyvh.digital,Ronald Booth
Business Broker,Analise_Wright6392@gkvds.business,Analise Wright
Business Broker,Clarissa_Dixon1742@dbxli.video,Clarissa Dixon
Business Broker,Denny_Rowlands2830@yvu30.name,Denny Rowlands
Business Broker,Harmony_Quinton9290@bu2lo.digital,Harmony Quinton
Business Broker,Henry_Robertson6445@v1wn5.page,Henry Robertson
Business Broker,Jade_Goldsmith5698@nmz0p.us,Jade Goldsmith
Business Broker,Leslie_Smith2982@qu9ml.online,Leslie Smith
Business Broker,Liliana_Brock783@yahoo.club,Liliana Brock
Business Broker,Logan_Flett5926@ckzyi.property,Logan Flett
Business Broker,Noemi_Giles2915@dvqq2.video,Noemi Giles
Business Broker,Remy_James1889@y96lx.ca,Remy James
Business Broker,Tom_Kelly3838@ohqqh.property,Tom Kelly
Business Broker,Tom_Lindop1170@yvu30.solutions,Tom Lindop
Call Center Representative,Alexander_White51@jh02o.store,Alexander White
Call Center Representative,Analise_Bell8046@gkvds.site,Analise Bell
Call Center Representative,Barney_Allcott8858@xqj6f.host,Barney Allcott
Call Center Representative,Chad_Nayler5369@p5emz.directory,Chad Nayler
Call Center Representative,Chuck_Kaur4883@lhp4j.tech,Chuck Kaur
Call Center Representative,Danny_Pond3094@cke3u.services,Danny Pond
Call Center Representative,Destiny_Vaughan3493@ag5wi.software,Destiny Vaughan
Call Center Representative,Faith_Knight4633@ds59r.catering,Faith Knight
Call Center Representative,Henry_Bowen5487@hepmv.page,Henry Bowen
Call Center Representative,Jade_Dowson3536@bu2lo.page,Jade Dowson
Call Center Representative,Manuel_Marshall813@gkvds.services,Manuel Marshall
Call Center Representative,Marissa_Radley317@hepmv.website,Marissa Radley
Call Center Representative,Mayleen_Fall3302@jh02o.host,Mayleen Fall
Call Center Representative,Molly_Notman8672@voylg.services,Molly Notman
Call Center Representative,Nathan_Umney8096@1kmd3.store,Nathan Umney
Call Center Representative,Norah_Cartwright5710@bqkv0.audio,Norah Cartwright
Call Center Representative,Stella_Pearson4143@3wbkp.software,Stella Pearson
Call Center Representative,Vera_Bell7805@yfxpw.mobi,Vera Bell
Cash Manager,Aleksandra_Salt615@1wa8o.website,Aleksandra Salt
Cash Manager,Brad_Robertson4249@voylg.edu,Brad Robertson
Cash Manager,Bryon_Wright6515@hepmv.page,Bryon Wright
Cash Manager,Cadence_Benson7775@voylg.property,Cadence Benson
Cash Manager,Chester_Marshall4118@chkzl.site,Chester Marshall
Cash Manager,Danielle_Ingram7618@3wbkp.pro,Danielle Ingram
Cash Manager,Emma_Antcliff8542@xqj6f.shop,Emma Antcliff
Cash Manager,Ethan_Kirby4056@1wa8o.meet,Ethan Kirby
Cash Manager,Greta_Calderwood509@xqj6f.store,Greta Calderwood
Cash Manager,Johnny_Gregory3084@yafr7.services,Johnny Gregory
Cash Manager,Kieth_Anderson2823@uagvw.digital,Kieth Anderson
Cash Manager,Kieth_Morris549@zynuu.store,Kieth Morris
Cash Manager,Nancy_Ralph6922@evyvh.mobi,Nancy Ralph
Cash Manager,Nathan_Jackson6020@yafr7.page,Nathan Jackson
Cash Manager,Oliver_Power2211@chkzl.tech,Oliver Power
Cash Manager,Owen_Corbett9624@mpibr.host,Owen Corbett
Cash Manager,Peter_Noon4427@yafr7.org,Peter Noon
Cash Manager,Ruth_Ballard5735@yahoo.app,Ruth Ballard
Cash Manager,Taylor_Knight54@ag5wi.club,Taylor Knight
Cashier,Bart_Shepherd1992@iscmr.host,Bart Shepherd
Cashier,Benjamin_Woodcock5754@nb44i.biz,Benjamin Woodcock
Cashier,Carter_Poole995@hepmv.store,Carter Poole
Cashier,Danielle_Shields9293@d9un8.pro,Danielle Shields
Cashier,Elijah_Eyres166@y96lx.app,Elijah Eyres
Cashier,Elijah_Snow9521@chkzl.business,Elijah Snow
Cashier,Enoch_Allen5260@evyvh.press,Enoch Allen
Cashier,Evelynn_Hall4279@1kmd3.works,Evelynn Hall
Cashier,Hazel_Bryant442@3wbkp.store,Hazel Bryant
Cashier,Johnny_Richards5501@karnv.media,Johnny Richards
Cashier,Kieth_Adams3283@fhuux.us,Kieth Adams
Cashier,Luke_Lee5067@cdpfn.auction,Luke Lee
Cashier,Mason_Kent2205@d9un8.club,Mason Kent
Cashier,Michael_Shelton8525@d9un8.center,Michael Shelton
Cashier,Ron_Cartwright6237@iaart.audio,Ron Cartwright
Cashier,Rosemary_Whinter4364@ptr6k.store,Rosemary Whinter
Cashier,Samara_Dale4117@jcf8v.center,Samara Dale
Chef Manager,Cedrick_Hunt5185@ohqqh.media,Cedrick Hunt
Chef Manager,Chad_Owens5032@iscmr.directory,Chad Owens
Chef Manager,Chadwick_Gallacher7562@mpibr.shop,Chadwick Gallacher
Chef Manager,Chuck_Clarke6999@iscmr.solutions,Chuck Clarke
Chef Manager,Danny_Richardson6639@qu9ml.business,Danny Richardson
Chef Manager,Elisabeth_Connor2353@ptr6k.business,Elisabeth Connor
Chef Manager,Emmanuelle_Rixon4704@ag5wi.info,Emmanuelle Rixon
Chef Manager,Felicity_Addley429@1kmd3.tech,Felicity Addley
Chef Manager,Manuel_Verdon4125@yahoo.tech,Manuel Verdon
Chef Manager,Mark_Pond3325@iaart.autos,Mark Pond
Chef Manager,Matt_Cartwright7259@yafr7.business,Matt Cartwright
Chef Manager,Michael_Zaoui6712@cke3u.autos,Michael Zaoui
Chef Manager,Rosie_Wallace7451@lyvnc.page,Rosie Wallace
Chef Manager,Rufus_Clayton6196@voylg.store,Rufus Clayton
Clerk,Adalie_Watson2146@yafr7.com,Adalie Watson
Clerk,Carissa_Collins3651@cdpfn.info,Carissa Collins
Clerk,Chuck_Holt5281@nanoff.directory,Chuck Holt
Clerk,Elisabeth_Payne7766@uagvw.video,Elisabeth Payne
Clerk,Harmony_Holmes9409@bcfhs.property,Harmony Holmes
Clerk,Mason_Donnelly3570@1kmd3.tech,Mason Donnelly
Clerk,Matt_Oldfield8178@fhuux.website,Matt Oldfield
Clerk,Roger_Griffiths2919@jcf8v.business,Roger Griffiths
Clerk,Sasha_Rogan7754@mpibr.pro,Sasha Rogan
Clerk,Stacy_Cadman3054@avn7d.host,Stacy Cadman
Clerk,Teagan_Cooper2845@nmz0p.works,Teagan Cooper
Clerk,Tiffany_Nanton2813@uagvw.tech,Tiffany Nanton
Clerk,Tyson_Nielson4416@urn0m.host,Tyson Nielson
CNC Operator,Adalie_Harrison1277@1wa8o.services,Adalie Harrison
CNC Operator,Alan_West2898@d9un8.online,Alan West
CNC Operator,Alice_Cattell8422@6ijur.meet,Alice Cattell
CNC Operator,Carl_Walker1339@nmz0p.org,Carl Walker
CNC Operator,Clint_Allen3517@jcf8v.edu,Clint Allen
CNC Operator,Danny_Hunt426@cke3u.website,Danny Hunt
CNC Operator,Daron_Silva1479@jcf8v.edu,Daron Silva
CNC Operator,Liam_Yates9429@ohqqh.business,Liam Yates
CNC Operator,Logan_Chapman8066@d9un8.software,Logan Chapman
CNC Operator,Lucas_Owen3829@nmz0p.store,Lucas Owen
CNC Operator,Makena_Overson7178@dvqq2.digital,Makena Overson
CNC Operator,Matthew_Robinson5450@yfxpw.tech,Matthew Robinson
CNC Operator,Rufus_Murray765@hepmv.solutions,Rufus Murray
CNC Operator,Sara_Clifford2446@bu2lo.tech,Sara Clifford
CNC Operator,Summer_Stanley8684@dbxli.media,Summer Stanley
CNC Operator,Tess_Mason3150@dvqq2.space,Tess Mason
CNC Operator,Vanessa_Simpson1282@jh02o.website,Vanessa Simpson
Cook,Alexia_Walsh5805@uagvw.shop,Alexia Walsh
Cook,Analise_Bowen694@1kmd3.edu,Analise Bowen
Cook,Carmen_Doherty8639@uagvw.store,Carmen Doherty
Cook,Chuck_James1527@p5emz.website,Chuck James
Cook,Danny_Gilmour7909@cdpfn.mobi,Danny Gilmour
Cook,Isla_Callan8536@yahoo.biz,Isla Callan
Cook,Ivette_Simpson9566@hepmv.media,Ivette Simpson
Cook,Jack_Lynch8392@dbxli.info,Jack Lynch
Cook,Jacob_Driscoll4851@iaart.solutions,Jacob Driscoll
Cook,Josh_Summers3016@yafr7.store,Josh Summers
Cook,Juliet_Hall4170@bcfhs.name,Juliet Hall
Cook,Liam_Mcguire6556@gkvds.info,Liam Mcguire
Cook,Liliana_Gavin209@cke3u.ca,Liliana Gavin
Cook,Margot_Butler2548@bu2lo.press,Margot Butler
Cook,Naomi_Ward7067@ohqqh.services,Naomi Ward
Cook,Scarlett_Knott369@crzq7.edu,Scarlett Knott
Cook,Tyler_Jordan9067@voylg.business,Tyler Jordan
Dentist,Adalie_Nobbs8288@yfxpw.store,Adalie Nobbs
Dentist,Alessandra_Lewin3321@xqj6f.info,Alessandra Lewin
Dentist,Bethany_Page 6970@iscmr.club,Bethany Page
Dentist,Caitlyn_Martin5971@lyvnc.host,Caitlyn Martin
Dentist,Danny_Tindall1065@nanoff.app,Danny Tindall
Dentist,David_Nayler5026@avn7d.net,David Nayler
Dentist,Emmanuelle_Walsh5523@v1wn5.meet,Emmanuelle Walsh
Dentist,Harry_Cooper568@y96lx.video,Harry Cooper
Dentist,Marigold_Yoman5391@yfxpw.com,Marigold Yoman
Dentist,Mason_Stevens3131@cdpfn.directory,Mason Stevens
Dentist,Matthew_Jones6894@nb44i.space,Matthew Jones
Dentist,Maxwell_Dixon8602@gkvds.meet,Maxwell Dixon
Dentist,Melinda_Leslie5892@urn0m.app,Melinda Leslie
Dentist,Nancy_Pickard587@jcf8v.app,Nancy Pickard
Dentist,Natalie_Lakey7860@iscmr.works,Natalie Lakey
Dentist,Roger_Stewart1340@ds59r.business,Roger Stewart
Dentist,Ruby_Ulyatt2105@lyvnc.club,Ruby Ulyatt
Dentist,Wendy_Camden4948@yahoo.com,Wendy Camden
Design Engineer,Agnes_Waterson9706@uagvw.design,Agnes Waterson
Design Engineer,Alessandra_Vincent8250@p5emz.store,Alessandra Vincent
Design Engineer,Benny_Bell7158@p5emz.works,Benny Bell
Design Engineer,Candace_Harris3301@cke3u.biz,Candace Harris
Design Engineer,Cara_Redwood2762@iaart.net,Cara Redwood
Design Engineer,Carolyn_Jacobs9963@lhp4j.host,Carolyn Jacobs
Design Engineer,Daron_Vinton1889@evyvh.digital,Daron Vinton
Design Engineer,Doug_Williams8358@chkzl.store,Doug Williams
Design Engineer,Ember_Jeffery8005@1kmd3.org,Ember Jeffery
Design Engineer,George_Boden9011@fhuux.website,George Boden
Design Engineer,Jade_Edler4928@kyb7t.space,Jade Edler
Design Engineer,Jasmine_Brooks2349@xtwt3.property,Jasmine Brooks
Design Engineer,Jayden_Dubois2886@xtwt3.services,Jayden Dubois
Design Engineer,Julius_Bloom4629@hepmv.club,Julius Bloom
Design Engineer,Liliana_Thomson7017@uagvw.space,Liliana Thomson
Design Engineer,Luke_Ross7711@ckzyi.website,Luke Ross
Design Engineer,Michael_Tyrrell290@mpibr.info,Michael Tyrrell
Design Engineer,Natalie_Rosenbloom5857@c2nyu.digital,Natalie Rosenbloom
Design Engineer,Percy_Fulton6289@yafr7.net,Percy Fulton
Design Engineer,Peter_Hall4103@uagvw.audio,Peter Hall
Design Engineer,Sebastian_Samuel1134@ckzyi.zone,Sebastian Samuel
Design Engineer,Tony_Raven8655@nanoff.store,Tony Raven
Design Engineer,Vanessa_Downing6951@lhp4j.works,Vanessa Downing
Design Engineer,Vanessa_Kerr4497@lhp4j.audio,Vanessa Kerr
Designer,Barney_Kerr9871@qu9ml.store,Barney Kerr
Designer,Benny_Abbot7437@zynuu.website,Benny Abbot
Designer,Carter_Flack5220@bqkv0.business,Carter Flack
Designer,Cedrick_Shields3917@gnjps.design,Cedrick Shields
Designer,Dani_Rodgers882@xtwt3.com,Dani Rodgers
Designer,Enoch_Daniells4141@zynuu.store,Enoch Daniells
Designer,John_Clark3331@kyb7t.site,John Clark
Designer,Josephine_Hancock3771@yafr7.name,Josephine Hancock
Designer,Nina_Jefferson5140@jh02o.pro,Nina Jefferson
Designer,Rosa_Richardson4380@p5emz.name,Rosa Richardson
Designer,Rowan_Lloyd6234@cdpfn.info,Rowan Lloyd
Designer,Sienna_Murray6451@bu2lo.biz,Sienna Murray
Designer,Tom_Burnley975@iscmr.design,Tom Burnley
Doctor,Charlotte_Grady8495@1wa8o.net,Charlotte Grady
Doctor,Greta_Gonzales8094@p5emz.mobi,Greta Gonzales
Doctor,Jaylene_Lewis1854@dbxli.store,Jaylene Lewis
Doctor,John_Carpenter2180@lyvnc.host,John Carpenter
Doctor,Mandy_Walsh3215@mpibr.video,Mandy Walsh
Doctor,Matthew_Flett6829@jcf8v.business,Matthew Flett
Doctor,Miriam_Hobson6991@v1wn5.press,Miriam Hobson
Doctor,Oliver_Garcia9513@ds59r.online,Oliver Garcia
Doctor,Rihanna_Griffiths9443@bcfhs.catering,Rihanna Griffiths
Doctor,Sage_Barclay3754@nmz0p.catering,Sage Barclay
Doctor,Samara_Miller1802@lhp4j.website,Samara Miller
Electrician,Angela_Stone5494@evyvh.online,Angela Stone
Electrician,Blake_Gordon2818@dvqq2.page,Blake Gordon
Electrician,Brad_Baxter8028@3wbkp.digital,Brad Baxter
Electrician,Ciara_Hepburn5341@qu9ml.design,Ciara Hepburn
Electrician,Eileen_Willson1460@kyb7t.pro,Eileen Willson
Electrician,Ethan_Patel3254@iaart.media,Ethan Patel
Electrician,Hank_Trent3547@c2nyu.directory,Hank Trent
Electrician,Mavis_Simmons7176@ckzyi.us,Mavis Simmons
Electrician,Michelle_Brock2063@yfxpw.directory,Michelle Brock
Electrician,Nick_Potts2960@ds59r.com,Nick Potts
Electrician,Norah_Booth2378@uagvw.solutions,Norah Booth
Electrician,Rufus_Blythe9112@p5emz.zone,Rufus Blythe
Electrician,Willow_Notman8192@y96lx.net,Willow Notman
Executive Director,Abdul_Blythe4306@iaart.page,Abdul Blythe
Executive Director,Abdul_Sheldon2744@bqkv0.catering,Abdul Sheldon
Executive Director,Anthony_Evans7092@c2nyu.net,Anthony Evans
Executive Director,Bryon_Emmett7496@1kmd3.site,Bryon Emmett
Executive Director,Chuck_Seymour9763@1kmd3.website,Chuck Seymour
Executive Director,Dasha_Adler3192@fhuux.zone,Dasha Adler
Executive Director,David_Flanders7139@qu9ml.center,David Flanders
Executive Director,George_Lunt1418@hepmv.info,George Lunt
Executive Director,Hayden_Gavin5204@1kmd3.media,Hayden Gavin
Executive Director,Holly_Wheeler6068@ds59r.property,Holly Wheeler
Executive Director,Juliette_Ripley8784@1kmd3.center,Juliette Ripley
Executive Director,Keira_Casey4409@karnv.site,Keira Casey
Executive Director,Keira_Kelly3503@qu9ml.auction,Keira Kelly
Executive Director,Lauren_Knight5467@d9un8.auction,Lauren Knight
Executive Director,Leroy_Wright911@crzq7.press,Leroy Wright
Executive Director,Mabel_Poulton7061@voylg.host,Mabel Poulton
Executive Director,Melody_Carter603@evyvh.com,Melody Carter
Executive Director,Rita_Amstead2394@chkzl.pro,Rita Amstead
Executive Director,William_Hepburn2097@karnv.audio,William Hepburn
Fabricator,Andrea_Lane8261@d9un8.works,Andrea Lane
Fabricator,Barney_Trent9408@d9un8.us,Barney Trent
Fabricator,Brooklyn_Oakley3444@yafr7.website,Brooklyn Oakley
Fabricator,Ciara_Webster7686@gkvds.website,Ciara Webster
Fabricator,George_Franks6128@bu2lo.software,George Franks
Fabricator,Havana_Norburn5508@ckzyi.design,Havana Norburn
Fabricator,Isabella_Graves497@yahoo.meet,Isabella Graves
Fabricator,Martin_Noach1662@c2nyu.design,Martin Noach
Fabricator,Matt_Waterhouse4129@evyvh.online,Matt Waterhouse
Fabricator,Mike_Murphy5865@avn7d.net,Mike Murphy
Fabricator,Noah_White6243@jh02o.meet,Noah White
Fabricator,Phillip_Armstrong124@xqj6f.pro,Phillip Armstrong
Fabricator,Rosalie_Rossi9391@iaart.online,Rosalie Rossi
Fabricator,Ryan_Bayliss6975@d9un8.online,Ryan Bayliss
Fabricator,Sabina_Redfern5672@gkvds.zone,Sabina Redfern
Fabricator,Sofia_Simmons246@bu2lo.app,Sofia Simmons
Fabricator,Tyson_Martin2968@qu9ml.page,Tyson Martin
Fabricator,Tyson_Swift9044@nmz0p.edu,Tyson Swift
Fabricator,William_John8904@qu9ml.name,William John
Food Technologist,Andrea_Slater3021@dvqq2.shop,Andrea Slater
Food Technologist,Benjamin_Norton7321@kyb7t.audio,Benjamin Norton
Food Technologist,Camila_Paterson917@iscmr.meet,Camila Paterson
Food Technologist,Cara_Connor7128@evyvh.info,Cara Connor
Food Technologist,Clint_Robinson3032@6ijur.website,Clint Robinson
Food Technologist,Dani_Mcguire4473@voylg.digital,Dani Mcguire
Food Technologist,Daphne_Simpson8391@ag5wi.page,Daphne Simpson
Food Technologist,Domenic_Shields3542@jcf8v.works,Domenic Shields
Food Technologist,Doug_Connell1409@c2nyu.services,Doug Connell
Food Technologist,Gabriel_Moreno3976@dbxli.directory,Gabriel Moreno
Food Technologist,Hank_Addison2703@gnjps.website,Hank Addison
Food Technologist,Harmony_Hale3304@jh02o.app,Harmony Hale
Food Technologist,Jacob_Myatt1613@c2nyu.video,Jacob Myatt
Food Technologist,Julian_Nobbs8021@d9un8.directory,Julian Nobbs
Food Technologist,Leanne_Hooper7855@bu2lo.host,Leanne Hooper
Food Technologist,Leilani_Slater7327@xqj6f.us,Leilani Slater
Food Technologist,Liam_Hewitt6626@c2nyu.audio,Liam Hewitt
Food Technologist,Logan_Asher8848@crzq7.store,Logan Asher
Food Technologist,Marissa_Vinton490@bu2lo.directory,Marissa Vinton
Food Technologist,Sloane_Parr4968@avn7d.org,Sloane Parr
Food Technologist,Tara_Redwood3459@y96lx.page,Tara Redwood
Food Technologist,Trisha_Flynn8556@p5emz.autos,Trisha Flynn
Food Technologist,Violet_Hooper7438@nmz0p.website,Violet Hooper
Front Desk Coordinator,Alexia_Lynn696@ag5wi.catering,Alexia Lynn
Front Desk Coordinator,Bart_Cartwright2128@dvqq2.host,Bart Cartwright
Front Desk Coordinator,Bart_Rowlands9634@p5emz.space,Bart Rowlands
Front Desk Coordinator,Camellia_Cox24@chkzl.shop,Camellia Cox
Front Desk Coordinator,Chuck_Jarvis8809@1wa8o.property,Chuck Jarvis
Front Desk Coordinator,Ciara_Mcneill7933@ohqqh.edu,Ciara Mcneill
Front Desk Coordinator,Davina_Salt700@urn0m.ca,Davina Salt
Front Desk Coordinator,Elijah_Harper4524@jcf8v.design,Elijah Harper
Front Desk Coordinator,George_Thorne4417@d9un8.works,George Thorne
Front Desk Coordinator,Harvey_Allen4675@nmz0p.software,Harvey Allen
Front Desk Coordinator,Johnathan_Flanders764@yvu30.net,Johnathan Flanders
Front Desk Coordinator,Leah_Gonzales603@fhuux.auction,Leah Gonzales
Front Desk Coordinator,Rick_Devonport2462@chkzl.directory,Rick Devonport
Front Desk Coordinator,Rocco_Bailey9681@ckzyi.business,Rocco Bailey
Front Desk Coordinator,Rocco_Crawford3524@yafr7.website,Rocco Crawford
Front Desk Coordinator,Stacy_Clifford8542@d9un8.club,Stacy Clifford
Global Logistics Supervisor,Aleksandra_Whinter7689@ag5wi.name,Aleksandra Whinter
Global Logistics Supervisor,Anthony_Osman826@bu2lo.space,Anthony Osman
Global Logistics Supervisor,Bob_Randall6451@voylg.site,Bob Randall
Global Logistics Supervisor,Cara_Pearson4419@crzq7.solutions,Cara Pearson
Global Logistics Supervisor,Carter_Oatway9391@yvu30.zone,Carter Oatway
Global Logistics Supervisor,Davina_Cartwright7168@xtwt3.com,Davina Cartwright
Global Logistics Supervisor,Jack_Payne6727@xqj6f.audio,Jack Payne
Global Logistics Supervisor,Juliet_Robinson6215@gnjps.works,Juliet Robinson
Global Logistics Supervisor,Mason_Whittle3262@lyvnc.design,Mason Whittle
Global Logistics Supervisor,Matthew_Weasley6226@voylg.directory,Matthew Weasley
Global Logistics Supervisor,Michael_Wigley8916@fhuux.page,Michael Wigley
Global Logistics Supervisor,Nathan_Willson8293@yvu30.com,Nathan Willson
Global Logistics Supervisor,Sadie_Rowlands4552@chkzl.autos,Sadie Rowlands
Health Educator,Anne_Jennson5165@ohqqh.audio,Anne Jennson
Health Educator,Benjamin_Hobson3980@6ijur.site,Benjamin Hobson
Health Educator,Cameron_Gilmour6230@iaart.zone,Cameron Gilmour
Health Educator,Chad_Poulton4059@1kmd3.media,Chad Poulton
Health Educator,Clint_Evans8177@bqkv0.info,Clint Evans
Health Educator,Harry_Farrell2594@1wa8o.store,Harry Farrell
Health Educator,Henry_Pickard2463@kyb7t.club,Henry Pickard
Health Educator,Jaylene_Radcliffe401@fhuux.website,Jaylene Radcliffe
Health Educator,Johnathan_Mcneill720@nanoff.design,Johnathan Mcneill
Health Educator,Katelyn_Spencer810@dbxli.media,Katelyn Spencer
Health Educator,Marina_Rust95@iaart.org,Marina Rust
Health Educator,Percy_Pope8348@mpibr.meet,Percy Pope
Health Educator,Samantha_Fields4582@1kmd3.info,Samantha Fields
Health Educator,Tyler_Hunt7166@y96lx.com,Tyler Hunt
Healthcare Specialist,Celia_Gunn7607@lyvnc.store,Celia Gunn
Healthcare Specialist,Denis_Graham9429@iscmr.store,Denis Graham
Healthcare Specialist,Drew_Wigley4841@cdpfn.org,Drew Wigley
Healthcare Specialist,Emely_Lowe2673@chkzl.name,Emely Lowe
Healthcare Specialist,Erin_Ranks9725@hepmv.site,Erin Ranks
Healthcare Specialist,Jacob_Exton2293@lhp4j.store,Jacob Exton
Healthcare Specialist,Jasmine_Dann3955@yfxpw.software,Jasmine Dann
Healthcare Specialist,Kate_Matthews7298@ds59r.solutions,Kate Matthews
Healthcare Specialist,Molly_Faulkner1610@xtwt3.biz,Molly Faulkner
Healthcare Specialist,Penny_Shea7156@voylg.website,Penny Shea
Healthcare Specialist,Peter_Dallas8813@mpibr.services,Peter Dallas
Healthcare Specialist,Quinn_Cooper1663@karnv.site,Quinn Cooper
Healthcare Specialist,Ryan_Hooper3483@qu9ml.store,Ryan Hooper
Healthcare Specialist,Scarlett_Edley6263@cdpfn.video,Scarlett Edley
Healthcare Specialist,Scarlett_Wills7793@jcf8v.design,Scarlett Wills
Healthcare Specialist,Tiffany_Janes3266@nb44i.meet,Tiffany Janes
HR Coordinator,Aiden_Vaughn713@yvu30.app,Aiden Vaughn
HR Coordinator,Alexander_King1712@dbxli.zone,Alexander King
HR Coordinator,Benjamin_Bennett4666@mpibr.video,Benjamin Bennett
HR Coordinator,Carl_Ranks9820@lyvnc.solutions,Carl Ranks
HR Coordinator,David_Lowe1471@fhuux.center,David Lowe
HR Coordinator,Elijah_Ogilvy6279@lhp4j.auction,Elijah Ogilvy
HR Coordinator,Enoch_Buckley7577@gkvds.catering,Enoch Buckley
HR Coordinator,Harry_Tate2433@dvqq2.solutions,Harry Tate
HR Coordinator,Holly_Roscoe9559@yafr7.net,Holly Roscoe
HR Coordinator,Irene_Morley4106@fhuux.auction,Irene Morley
HR Coordinator,Jayden_Nash9147@iscmr.ca,Jayden Nash
HR Coordinator,Lexi_Wilson6628@voylg.website,Lexi Wilson
HR Coordinator,Luke_Darcy2795@lhp4j.store,Luke Darcy
HR Coordinator,Roger_Varndell3043@xqj6f.auction,Roger Varndell
HR Coordinator,Russel_Olson4387@crzq7.ca,Russel Olson
HR Coordinator,Sage_Matthews7260@chkzl.website,Sage Matthews
HR Coordinator,Tyson_Gray7542@chkzl.club,Tyson Gray
HR Coordinator,Wendy_Daniells7227@cke3u.club,Wendy Daniells
HR Specialist,Aiden_Walsh5496@jh02o.audio,Aiden Walsh
HR Specialist,Anthony_Calderwood7402@chkzl.com,Anthony Calderwood
HR Specialist,Bob_Mould3599@1wa8o.auction,Bob Mould
HR Specialist,Camellia_Adams9119@ckzyi.works,Camellia Adams
HR Specialist,Carmen_Rycroft5201@nanoff.directory,Carmen Rycroft
HR Specialist,Clint_Logan730@yfxpw.meet,Clint Logan
HR Specialist,Eileen_Slater80@yvu30.website,Eileen Slater
HR Specialist,Elly_Bloom7755@voylg.com,Elly Bloom
HR Specialist,Elly_Varley2762@xtwt3.biz,Elly Varley
HR Specialist,Fiona_Styles8650@jcf8v.biz,Fiona Styles
HR Specialist,Jamie_Taylor283@yafr7.space,Jamie Taylor
HR Specialist,Margot_Calderwood8631@c2nyu.solutions,Margot Calderwood
HR Specialist,Matt_Chester7766@iaart.business,Matt Chester
HR Specialist,Rick_Armstrong5547@yfxpw.autos,Rick Armstrong
HR Specialist,Rylee_Craig2212@hepmv.pro,Rylee Craig
HR Specialist,Skylar_Rowan8653@yfxpw.space,Skylar Rowan
Inspector,Carter_Gardner6386@yfxpw.host,Carter Gardner
Inspector,Dasha_Eaton6283@gkvds.net,Dasha Eaton
Inspector,Gabriel_Long4461@dbxli.business,Gabriel Long
Inspector,Henry_Russell5603@cdpfn.video,Henry Russell
Inspector,Iris_Williams2086@ds59r.org,Iris Williams
Inspector,Josh_Warren5905@1kmd3.host,Josh Warren
Inspector,Julianna_Camden6104@ag5wi.website,Julianna Camden
Inspector,Margaret_Patel117@yahoo.software,Margaret Patel
Inspector,Martin_Parker3601@avn7d.digital,Martin Parker
Inspector,Melinda_Drake9184@zynuu.site,Melinda Drake
Inspector,Morgan_Cooper9924@crzq7.digital,Morgan Cooper
Inspector,Rick_Snow3718@ag5wi.design,Rick Snow
Inspector,Russel_Salt3517@ptr6k.ca,Russel Salt
Inspector,Willow_Jeffery3629@bcfhs.biz,Willow Jeffery
Insurance Broker,Alma_Moran7937@xqj6f.auction,Alma Moran
Insurance Broker,Benjamin_Higgs9527@yfxpw.club,Benjamin Higgs
Insurance Broker,Christy_Bullock4854@qu9ml.ca,Christy Bullock
Insurance Broker,Daniel_Bryson8870@hepmv.site,Daniel Bryson
Insurance Broker,Hannah_Sylvester2157@urn0m.club,Hannah Sylvester
Insurance Broker,Janelle_Matthews5453@lyvnc.shop,Janelle Matthews
Insurance Broker,Kenzie_Radley1515@ag5wi.ca,Kenzie Radley
Insurance Broker,Leroy_Nelson6665@mpibr.software,Leroy Nelson
Insurance Broker,Lucas_Jeffery4446@lyvnc.press,Lucas Jeffery
Insurance Broker,Mandy_Gardner527@ptr6k.store,Mandy Gardner
Insurance Broker,Owen_Franks8734@voylg.pro,Owen Franks
Insurance Broker,Paula_Hunt4894@fhuux.video,Paula Hunt
Insurance Broker,Ruth_Irwin6343@yafr7.biz,Ruth Irwin
Insurance Broker,Samantha_Farmer5498@iscmr.online,Samantha Farmer
Insurance Broker,Savannah_Gardner7826@nb44i.works,Savannah Gardner
Insurance Broker,Tony_Newman4670@chkzl.biz,Tony Newman
Investment  Advisor,Alexia_Collins1244@gnjps.press,Alexia Collins
Investment  Advisor,Alison_Poole1044@nmz0p.app,Alison Poole
Investment  Advisor,Anabel_Carter9313@fhuux.solutions,Anabel Carter
Investment  Advisor,Anabel_Robe2174@1kmd3.store,Anabel Robe
Investment  Advisor,Anais_Thornton2971@crzq7.com,Anais Thornton
Investment  Advisor,Bernadette_Hunter6560@y96lx.property,Bernadette Hunter
Investment  Advisor,Carter_Moss7884@qu9ml.app,Carter Moss
Investment  Advisor,Catherine_Rainford232@d9un8.info,Catherine Rainford
Investment  Advisor,Cedrick_Gosling3507@gnjps.website,Cedrick Gosling
Investment  Advisor,Chris_Egerton4738@avn7d.shop,Chris Egerton
Investment  Advisor,Domenic_Roberts5978@1wa8o.pro,Domenic Roberts
Investment  Advisor,Emerald_Mcguire5548@1kmd3.page,Emerald Mcguire
Investment  Advisor,Gina_Tennant7196@cdpfn.works,Gina Tennant
Investment  Advisor,Isla_Shelton9550@uagvw.mobi,Isla Shelton
Investment  Advisor,Jack_Judd9810@dbxli.biz,Jack Judd
Investment  Advisor,Janice_Coates5730@kyb7t.property,Janice Coates
Investment  Advisor,Jenna_Allwood4128@1kmd3.audio,Jenna Allwood
Investment  Advisor,Joseph_Wise5135@1kmd3.center,Joseph Wise
Investment  Advisor,Leroy_Drake6589@voylg.app,Leroy Drake
Investment  Advisor,Miley_Hall2355@nmz0p.pro,Miley Hall
Investment  Advisor,Percy_Yates8115@chkzl.autos,Percy Yates
Investment  Advisor,Ramon_Lucas5651@yfxpw.zone,Ramon Lucas
Investment  Advisor,Ron_Warner438@xqj6f.online,Ron Warner
Investment  Advisor,Victoria_Styles4844@d9un8.design,Victoria Styles
IT Support Staff,Britney_Hewitt5952@voylg.autos,Britney Hewitt
IT Support Staff,Carrie_Jeffery1121@qu9ml.directory,Carrie Jeffery
IT Support Staff,Chelsea_Stubbs555@crzq7.shop,Chelsea Stubbs
IT Support Staff,Chris_Radley7065@p5emz.zone,Chris Radley
IT Support Staff,Chuck_Walsh3019@nanoff.ca,Chuck Walsh
IT Support Staff,Clint_Fisher3163@v1wn5.info,Clint Fisher
IT Support Staff,Daphne_Kaur3737@crzq7.name,Daphne Kaur
IT Support Staff,Ellen_Bryson8785@crzq7.net,Ellen Bryson
IT Support Staff,Georgia_Lomax9973@yfxpw.store,Georgia Lomax
IT Support Staff,Gina_Murphy7661@yahoo.app,Gina Murphy
IT Support Staff,Havana_Cowan2863@nb44i.zone,Havana Cowan
IT Support Staff,Madison_Corbett5632@urn0m.org,Madison Corbett
IT Support Staff,Melinda_James4857@jh02o.audio,Melinda James
IT Support Staff,Michelle_Lewin4737@chkzl.solutions,Michelle Lewin
IT Support Staff,Nate_Jobson2448@c2nyu.mobi,Nate Jobson
IT Support Staff,Nathan_Wild9936@urn0m.center,Nathan Wild
IT Support Staff,Nicole_Holt6476@d9un8.biz,Nicole Holt
IT Support Staff,Ramon_Antcliff7513@yahoo.property,Ramon Antcliff
IT Support Staff,Tony_Quinn3909@gkvds.com,Tony Quinn
Job Title,Email Address,FirstName LastName
Laboratory Technician,Bart_Jobson6498@dvqq2.digital,Bart Jobson
Laboratory Technician,Belinda_Harrington9624@yvu30.software,Belinda Harrington
Laboratory Technician,Benjamin_Martin5965@dvqq2.property,Benjamin Martin
Laboratory Technician,Bob_Flack1450@v1wn5.works,Bob Flack
Laboratory Technician,Catherine_Nash9607@yfxpw.biz,Catherine Nash
Laboratory Technician,Chadwick_Warner3470@jh02o.store,Chadwick Warner
Laboratory Technician,Daniel_Edmonds8802@karnv.shop,Daniel Edmonds
Laboratory Technician,Denny_Morgan327@iaart.website,Denny Morgan
Laboratory Technician,Doris_Cadman9224@urn0m.club,Doris Cadman
Laboratory Technician,Isabel_Fenton3772@zynuu.business,Isabel Fenton
Laboratory Technician,Javier_Farrow3265@nanoff.store,Javier Farrow
Laboratory Technician,Julius_Morrison234@crzq7.audio,Julius Morrison
Laboratory Technician,Penelope_John2641@bcfhs.tech,Penelope John
Laboratory Technician,Tony_Clarkson202@cdpfn.name,Tony Clarkson
Lecturer,Alice_Potts2482@y96lx.mobi,Alice Potts
Lecturer,Bridget_Overson1924@dvqq2.works,Bridget Overson
Lecturer,Chanelle_Saunders7252@hepmv.tech,Chanelle Saunders
Lecturer,Clarissa_Graves3965@gkvds.store,Clarissa Graves
Lecturer,Danny_Bailey4833@3wbkp.shop,Danny Bailey
Lecturer,Daphne_Terry7830@iscmr.edu,Daphne Terry
Lecturer,Darlene_Jarvis1423@yfxpw.property,Darlene Jarvis
Lecturer,Emery_Nanton794@dvqq2.ca,Emery Nanton
Lecturer,Joseph_Andrews6759@ohqqh.mobi,Joseph Andrews
Lecturer,Julius_Hunt3741@bqkv0.digital,Julius Hunt
Lecturer,Luke_Stuart6717@iaart.services,Luke Stuart
Lecturer,Makenzie_Powell311@y96lx.design,Makenzie Powell
Lecturer,Mara_Brett5897@1wa8o.zone,Mara Brett
Lecturer,Megan_Kidd4467@yahoo.design,Megan Kidd
Lecturer,Nathan_Gordon7056@yahoo.auction,Nathan Gordon
Lecturer,Rae_Ross1330@avn7d.store,Rae Ross
Lecturer,Ron_Oatway8530@nanoff.shop,Ron Oatway
Lecturer,Russel_Gray2060@xqj6f.design,Russel Gray
Lecturer,Sebastian_Kelly7204@yahoo.services,Sebastian Kelly
Lecturer,Tiffany_Neville316@mpibr.site,Tiffany Neville
Loan Officer,Bryon_Hewitt4265@bcfhs.design,Bryon Hewitt
Loan Officer,Isabella_Radley2939@ckzyi.org,Isabella Radley
Loan Officer,Joy_Richards9566@xtwt3.video,Joy Richards
Loan Officer,Julia_York5476@jh02o.catering,Julia York
Loan Officer,Matt_Rivers906@avn7d.website,Matt Rivers
Loan Officer,Samara_Trent6627@bu2lo.info,Samara Trent
Loan Officer,Tyler_Barrett2445@voylg.tech,Tyler Barrett
Loan Officer,Tyler_Powell8115@1wa8o.software,Tyler Powell
Machine Operator,Alan_Terry5395@gkvds.website,Alan Terry
Machine Operator,Alan_Wright8715@fhuux.tech,Alan Wright
Machine Operator,Ally_Khan5876@karnv.app,Ally Khan
Machine Operator,Ally_Owen2239@p5emz.tech,Ally Owen
Machine Operator,Alma_Lucas1091@avn7d.store,Alma Lucas
Machine Operator,Caleb_Tanner1309@v1wn5.digital,Caleb Tanner
Machine Operator,Carl_Clarkson599@gnjps.store,Carl Clarkson
Machine Operator,Chuck_Archer8266@dvqq2.media,Chuck Archer
Machine Operator,Emery_Quinnell8979@crzq7.video,Emery Quinnell
Machine Operator,Enoch_Saunders6583@y96lx.biz,Enoch Saunders
Machine Operator,Jacob_Ward3404@yfxpw.digital,Jacob Ward
Machine Operator,Kieth_Powell6199@3wbkp.directory,Kieth Powell
Machine Operator,Livia_Thorpe2118@mpibr.property,Livia Thorpe
Machine Operator,Mason_Stanley8852@jh02o.works,Mason Stanley
Machine Operator,Matthew_Morgan6017@iaart.org,Matthew Morgan
Machine Operator,Matthew_Swan994@evyvh.store,Matthew Swan
Machine Operator,Rita_Jones9940@evyvh.video,Rita Jones
Machine Operator,Rosalyn_Butler9851@avn7d.design,Rosalyn Butler
Machine Operator,Sabina_Weldon5039@qu9ml.digital,Sabina Weldon
Mobile Developer,Britney_Gibson1529@lyvnc.ca,Britney Gibson
Mobile Developer,Camila_Tennant5163@xtwt3.name,Camila Tennant
Mobile Developer,Denny_Heaton5160@6ijur.business,Denny Heaton
Mobile Developer,Denny_Wooldridge367@urn0m.pro,Denny Wooldridge
Mobile Developer,Eduardo_Skinner1929@iscmr.catering,Eduardo Skinner
Mobile Developer,Goldie_Stuart874@iscmr.us,Goldie Stuart
Mobile Developer,Henry_Oatway7049@fhuux.auction,Henry Oatway
Mobile Developer,Jayden_Ingham7145@mpibr.digital,Jayden Ingham
Mobile Developer,John_Coleman7815@p5emz.info,John Coleman
Mobile Developer,Karla_Underhill7203@ptr6k.software,Karla Underhill
Mobile Developer,Kenzie_Myatt289@kyb7t.catering,Kenzie Myatt
Mobile Developer,Marie_Mitchell5507@dvqq2.shop,Marie Mitchell
Mobile Developer,Marvin_Martin5053@d9un8.website,Marvin Martin
Mobile Developer,Maxwell_Khan504@gkvds.meet,Maxwell Khan
Mobile Developer,Nick_Donovan6049@1wa8o.info,Nick Donovan
Mobile Developer,Percy_Alcroft1487@nmz0p.club,Percy Alcroft
Mobile Developer,Sebastian_Mason3253@yahoo.solutions,Sebastian Mason
Mobile Developer,Tyson_Roberts5557@karnv.catering,Tyson Roberts
Operator,Carina_Hogg7384@xtwt3.tech,Carina Hogg
Operator,Carl_Graves357@xtwt3.center,Carl Graves
Operator,Charlize_Ward4022@karnv.net,Charlize Ward
Operator,Chester_Parr9023@cdpfn.works,Chester Parr
Operator,Chris_Flack344@bcfhs.business,Chris Flack
Operator,Doug_Willson7737@jcf8v.press,Doug Willson
Operator,Gladys_Nurton6373@gnjps.pro,Gladys Nurton
Operator,Johnathan_Kelly18@gkvds.host,Johnathan Kelly
Operator,Josh_Price6315@yahoo.press,Josh Price
Operator,Lexi_Harper1566@nanoff.catering,Lexi Harper
Operator,Mavis_Boyle5106@y96lx.media,Mavis Boyle
Operator,Maya_Bennett2274@fhuux.property,Maya Bennett
Operator,Mayleen_Jefferson9165@xtwt3.works,Mayleen Jefferson
Operator,Mona_Cooper7461@gkvds.catering,Mona Cooper
Operator,Rhea_Kennedy6476@xqj6f.center,Rhea Kennedy
Operator,Rihanna_Dempsey999@nb44i.website,Rihanna Dempsey
Operator,Rosie_Harris1470@uagvw.ca,Rosie Harris
Operator,Valentina_Ring3115@nb44i.autos,Valentina Ring
Paramedic,Anthony_Clark2394@lyvnc.autos,Anthony Clark
Paramedic,Cedrick_Yang4462@yafr7.info,Cedrick Yang
Paramedic,Chloe_Donnelly198@zynuu.club,Chloe Donnelly
Paramedic,Chuck_Wilton3997@iaart.shop,Chuck Wilton
Paramedic,Jack_Douglas6847@nmz0p.online,Jack Douglas
Paramedic,Josh_Farmer4808@avn7d.zone,Josh Farmer
Paramedic,Lucas_Richardson1012@xtwt3.video,Lucas Richardson
Paramedic,Makena_Chapman7330@c2nyu.org,Makena Chapman
Paramedic,Melania_Cameron2460@ckzyi.autos,Melania Cameron
Paramedic,Tom_Larsen1702@lyvnc.host,Tom Larsen
Pharmacist,Amelia_Bryant3781@nmz0p.store,Amelia Bryant
Pharmacist,Chuck_Salt6669@iaart.ca,Chuck Salt
Pharmacist,Cristal_Adler3897@v1wn5.info,Cristal Adler
Pharmacist,Cynthia_Townend4243@dvqq2.store,Cynthia Townend
Pharmacist,Diane_Bingham4747@urn0m.website,Diane Bingham
Pharmacist,Elle_Bayliss2970@d9un8.audio,Elle Bayliss
Pharmacist,Freya_Randall7766@1kmd3.net,Freya Randall
Pharmacist,Hazel_Ebden6246@nb44i.biz,Hazel Ebden
Pharmacist,Ivy_Gregory9097@yfxpw.autos,Ivy Gregory
Pharmacist,Logan_Walter7886@3wbkp.pro,Logan Walter
Pharmacist,Marissa_Norris9338@yafr7.online,Marissa Norris
Pharmacist,Mark_Jones8490@ckzyi.software,Mark Jones
Pharmacist,Mason_Ianson4230@avn7d.catering,Mason Ianson
Pharmacist,Matt_Wood4525@y96lx.media,Matt Wood
Pharmacist,Peter_Wills3132@qu9ml.press,Peter Wills
Pharmacist,Sadie_Bell9579@ohqqh.online,Sadie Bell
Physician,Alba_Booth9830@c2nyu.store,Alba Booth
Physician,Alessia_Stark2653@jh02o.app,Alessia Stark
Physician,Barney_Pickard4899@nmz0p.catering,Barney Pickard
Physician,Brooklyn_Hunter1122@gkvds.works,Brooklyn Hunter
Physician,Cassidy_Norton8735@nmz0p.works,Cassidy Norton
Physician,Elena_Kelly5272@ckzyi.mobi,Elena Kelly
Physician,Erick_Mason7728@ohqqh.us,Erick Mason
Physician,George_James5912@ag5wi.store,George James
Physician,Goldie_Williams1321@yfxpw.zone,Goldie Williams
Physician,Gwen_Lane3467@xqj6f.media,Gwen Lane
Physician,Harry_Marshall944@nanoff.tech,Harry Marshall
Physician,Hayden_Robertson332@ptr6k.com,Hayden Robertson
Physician,Ivette_Myatt6773@ptr6k.info,Ivette Myatt
Physician,Jennifer_Shea5122@ckzyi.us,Jennifer Shea
Physician,Kamila_Lane2051@voylg.net,Kamila Lane
Physician,Molly_Cowan5351@y96lx.audio,Molly Cowan
Physician,Monica_Thompson4667@1kmd3.property,Monica Thompson
Physician,Natalie_Rivers9341@nmz0p.tech,Natalie Rivers
Physician,Sadie_Weldon4199@urn0m.club,Sadie Weldon
Physician,Tony_Jones7460@chkzl.directory,Tony Jones
Production Painter,Abbey_Hudson4640@cdpfn.info,Abbey Hudson
Production Painter,Aiden_Varley2467@fhuux.org,Aiden Varley
Production Painter,Alan_Cassidy8949@jcf8v.space,Alan Cassidy
Production Painter,Cadence_Styles4048@ptr6k.media,Cadence Styles
Production Painter,Carissa_Ebden3067@iaart.solutions,Carissa Ebden
Production Painter,Carl_Burnley2556@yafr7.website,Carl Burnley
Production Painter,Celia_Greenwood3931@iscmr.info,Celia Greenwood
Production Painter,Chris_Palmer1267@kyb7t.page,Chris Palmer
Production Painter,Chris_Ward8494@p5emz.auction,Chris Ward
Production Painter,Denis_Davies8456@ptr6k.site,Denis Davies
Production Painter,Drew_Brennan6042@ckzyi.website,Drew Brennan
Production Painter,Enoch_Thomson1329@chkzl.business,Enoch Thomson
Production Painter,Gil_Tyler3151@iscmr.mobi,Gil Tyler
Production Painter,Johnny_Bryson3683@dvqq2.com,Johnny Bryson
Production Painter,Julius_Davies8752@v1wn5.software,Julius Davies
Production Painter,Julius_Ryan7563@evyvh.autos,Julius Ryan
Production Painter,Lorraine_Walsh8978@lhp4j.solutions,Lorraine Walsh
Production Painter,Mackenzie_Tobin6691@gkvds.edu,Mackenzie Tobin
Production Painter,Melania_Rigg1588@cdpfn.host,Melania Rigg
Production Painter,Moira_Webster8357@nb44i.info,Moira Webster
Production Painter,Percy_Noach7989@cke3u.tech,Percy Noach
Production Painter,Taylor_Woodcock3794@nb44i.media,Taylor Woodcock
Project Manager,Amelia_Strong3781@gkvds.com,Amelia Strong
Project Manager,Anthony_Poulton9435@evyvh.website,Anthony Poulton
Project Manager,Chris_Funnell5202@evyvh.info,Chris Funnell
Project Manager,Denny_Lambert2790@evyvh.tech,Denny Lambert
Project Manager,Ember_Calderwood4431@xtwt3.press,Ember Calderwood
Project Manager,Faith_Hunter2226@zynuu.directory,Faith Hunter
Project Manager,Fred_Bryant284@yvu30.center,Fred Bryant
Project Manager,Isla_Mcgregor11@bu2lo.store,Isla Mcgregor
Project Manager,Janice_Blackburn5046@dvqq2.info,Janice Blackburn
Project Manager,Lucy_Mooney7631@yvu30.info,Lucy Mooney
Project Manager,Mona_Vernon9825@3wbkp.zone,Mona Vernon
Project Manager,Noah_Buckley9705@yafr7.software,Noah Buckley
Project Manager,Rachael_Tobin8555@voylg.info,Rachael Tobin
Project Manager,Rosemary_Connell6500@1kmd3.space,Rosemary Connell
Project Manager,Rylee_Bullock5235@karnv.biz,Rylee Bullock
Restaurant Manager,Barney_Terry4214@ptr6k.ca,Barney Terry
Restaurant Manager,Dorothy_Simpson8982@dbxli.property,Dorothy Simpson
Restaurant Manager,Lucas_Mitchell332@cdpfn.host,Lucas Mitchell
Restaurant Manager,Manuel_Harrison3228@avn7d.zone,Manuel Harrison
Restaurant Manager,Maxwell_Tyrrell3034@karnv.solutions,Maxwell Tyrrell
Restaurant Manager,Phillip_Varndell2925@y96lx.design,Phillip Varndell
Restaurant Manager,Ruth_Hancock3577@nanoff.solutions,Ruth Hancock
Restaurant Manager,Stella_Parr2999@crzq7.info,Stella Parr
Restaurant Manager,Valerie_Tutton5002@yahoo.media,Valerie Tutton
Retail Trainee,Alison_Jarvis3574@zynuu.business,Alison Jarvis
Retail Trainee,Cedrick_Haines146@bcfhs.audio,Cedrick Haines
Retail Trainee,Chadwick_Lomax3576@yahoo.page,Chadwick Lomax
Retail Trainee,Ethan_Rose7218@c2nyu.solutions,Ethan Rose
Retail Trainee,Evelynn_Hobbs5269@c2nyu.name,Evelynn Hobbs
Retail Trainee,Hank_Lane6154@3wbkp.org,Hank Lane
Retail Trainee,Hank_Matthews982@xqj6f.shop,Hank Matthews
Retail Trainee,Kurt_Robinson5401@1wa8o.name,Kurt Robinson
Retail Trainee,Liam_Stone 8358@iscmr.page,Liam Stone
Retail Trainee,Madison_Radcliffe6175@ag5wi.catering,Madison Radcliffe
Retail Trainee,Percy_Snow8177@yvu30.press,Percy Snow
Retail Trainee,Rick_Wright4262@gkvds.zone,Rick Wright
Retail Trainee,Ronald_Knott7966@yafr7.software,Ronald Knott
Retail Trainee,Valerie_Potts5516@yfxpw.online,Valerie Potts
Service Supervisor,Anabelle_Evans5172@v1wn5.ca,Anabelle Evans
Service Supervisor,Analise_Parker2355@lhp4j.club,Analise Parker
Service Supervisor,Andrea_Chapman5242@xtwt3.name,Andrea Chapman
Service Supervisor,Cedrick_Cunningham2504@nmz0p.info,Cedrick Cunningham
Service Supervisor,Daron_Connell9181@ag5wi.org,Daron Connell
Service Supervisor,Elle_Locke5248@uagvw.biz,Elle Locke
Service Supervisor,Ema_Farrell5296@karnv.com,Ema Farrell
Service Supervisor,Emely_Adams5827@qu9ml.org,Emely Adams
Service Supervisor,Emerald_Speed9647@avn7d.page,Emerald Speed
Service Supervisor,Erick_Watson5838@v1wn5.center,Erick Watson
Service Supervisor,Felicity_Clayton4964@1wa8o.site,Felicity Clayton
Service Supervisor,Havana_Watt9997@bu2lo.website,Havana Watt
Service Supervisor,Iris_Brennan5872@cke3u.host,Iris Brennan
Service Supervisor,Jolene_Niles820@jh02o.property,Jolene Niles
Service Supervisor,Kendra_Hamilton5967@yfxpw.com,Kendra Hamilton
Service Supervisor,Leroy_Gibson2941@mpibr.info,Leroy Gibson
Service Supervisor,Marie_Andrews7517@yafr7.club,Marie Andrews
Service Supervisor,Percy_Anderson9166@karnv.ca,Percy Anderson
Service Supervisor,Rufus_Dale2737@crzq7.info,Rufus Dale
Service Supervisor,Russel_Parker5342@nmz0p.pro,Russel Parker
Service Supervisor,Savannah_Oldfield5130@xtwt3.digital,Savannah Oldfield
Service Supervisor,Tom_Robinson8564@xtwt3.shop,Tom Robinson
Software Engineer,Alex_Cowan6777@6ijur.edu,Alex Cowan
Software Engineer,Chadwick_Cameron9626@hepmv.mobi,Chadwick Cameron
Software Engineer,Chadwick_Wilkinson6171@jh02o.services,Chadwick Wilkinson
Software Engineer,Deborah_James2174@lyvnc.media,Deborah James
Software Engineer,Domenic_Burnley2753@p5emz.directory,Domenic Burnley
Software Engineer,Georgia_Page 3110@urn0m.website,Georgia Page
Software Engineer,Jamie_Lindop424@voylg.zone,Jamie Lindop
Software Engineer,Jamie_Wallace4388@uagvw.us,Jamie Wallace
Software Engineer,Javier_Brennan8847@ptr6k.biz,Javier Brennan
Software Engineer,Jules_Casey1187@yafr7.store,Jules Casey
Software Engineer,Luke_Walton6693@evyvh.video,Luke Walton
Software Engineer,Manuel_Robinson9706@p5emz.host,Manuel Robinson
Software Engineer,Marissa_Tanner2720@ohqqh.site,Marissa Tanner
Software Engineer,Owen_Rossi7950@avn7d.solutions,Owen Rossi
Staffing Consultant,Adela_Pratt1438@chkzl.software,Adela Pratt
Staffing Consultant,Alex_Russell5213@uagvw.video,Alex Russell
Staffing Consultant,Bart_Lyon5798@bqkv0.directory,Bart Lyon
Staffing Consultant,Blake_Anderson4793@jcf8v.info,Blake Anderson
Staffing Consultant,Chad_Vangness8623@voylg.audio,Chad Vangness
Staffing Consultant,Daria_Simpson986@iaart.biz,Daria Simpson
Staffing Consultant,Denny_Mann7150@ckzyi.site,Denny Mann
Staffing Consultant,Fred_Abbey9059@lhp4j.info,Fred Abbey
Staffing Consultant,Henry_Emmett5393@gnjps.us,Henry Emmett
Staffing Consultant,Jack_Wood1961@bu2lo.works,Jack Wood
Staffing Consultant,Jenna_Devonport4830@yafr7.catering,Jenna Devonport
Staffing Consultant,Leah_Payne4249@voylg.software,Leah Payne
Staffing Consultant,Lucas_Parsons8372@lyvnc.autos,Lucas Parsons
Staffing Consultant,Mara_Kent6702@bqkv0.store,Mara Kent
Staffing Consultant,Mark_Bell8958@ohqqh.press,Mark Bell
Staffing Consultant,Mark_Harvey5303@1wa8o.info,Mark Harvey
Staffing Consultant,Naomi_Shaw3871@chkzl.autos,Naomi Shaw
Staffing Consultant,Nate_Fenton7080@p5emz.mobi,Nate Fenton
Staffing Consultant,Nicholas_Amstead6489@lyvnc.store,Nicholas Amstead
Staffing Consultant,Piper_Chapman335@yafr7.audio,Piper Chapman
Staffing Consultant,Rihanna_Martin709@yahoo.info,Rihanna Martin
Staffing Consultant,Rufus_Forth1303@nmz0p.net,Rufus Forth
Staffing Consultant,Tony_Burge3734@zynuu.works,Tony Burge
Steward,Anabelle_Broomfield5110@gkvds.com,Anabelle Broomfield
Steward,Angelica_Drew2143@lhp4j.catering,Angelica Drew
Steward,Benjamin_Vince8836@ag5wi.space,Benjamin Vince
Steward,Carmella_Camden6371@nmz0p.meet,Carmella Camden
Steward,Carter_Reading7953@ptr6k.mobi,Carter Reading
Steward,Chris_Watt332@xqj6f.website,Chris Watt
Steward,Cynthia_King7757@bqkv0.name,Cynthia King
Steward,Elijah_Truscott3576@yfxpw.page,Elijah Truscott
Steward,Gwenyth_Flett2065@mpibr.com,Gwenyth Flett
Steward,Hanna_Zaoui6782@3wbkp.video,Hanna Zaoui
Steward,Javier_Hobson4719@p5emz.us,Javier Hobson
Steward,Jaylene_Walker3310@yfxpw.pro,Jaylene Walker
Steward,John_Morris4316@chkzl.us,John Morris
Steward,John_Patel6048@ckzyi.info,John Patel
Steward,Kurt_Bennett1625@mpibr.ca,Kurt Bennett
Steward,Mara_Seymour3854@nanoff.website,Mara Seymour
Steward,Mark_Norman7501@3wbkp.meet,Mark Norman
Steward,Martin_Noon9209@evyvh.org,Martin Noon
Steward,Nick_Torres1599@ag5wi.info,Nick Torres
Steward,Percy_Ellwood4696@lyvnc.host,Percy Ellwood
Steward,Percy_Fox1269@p5emz.services,Percy Fox
Steward,Remy_Weatcroft1219@karnv.site,Remy Weatcroft
Steward,Rick_Walker879@d9un8.audio,Rick Walker
Steward,Rocco_Stone2248@iscmr.press,Rocco Stone
Steward,Roger_Wise9940@nb44i.business,Roger Wise
Steward,Ryan_Abbot2649@ohqqh.catering,Ryan Abbot
Steward,Tom_Villiger5118@bcfhs.works,Tom Villiger
Stockbroker,Barry_Locke3967@bcfhs.online,Barry Locke
Stockbroker,Brad_Hammond9645@6ijur.host,Brad Hammond
Stockbroker,Carter_Little3599@xqj6f.catering,Carter Little
Stockbroker,Eden_Becker778@ckzyi.center,Eden Becker
Stockbroker,Emmanuelle_Moss8886@yafr7.info,Emmanuelle Moss
Stockbroker,Georgia_Mccall6882@c2nyu.media,Georgia Mccall
Stockbroker,Josh_Richardson3963@crzq7.audio,Josh Richardson
Stockbroker,Julius_White6471@mpibr.mobi,Julius White
Stockbroker,Makena_Rixon6411@lyvnc.net,Makena Rixon
Stockbroker,Maribel_Gibbons2665@dvqq2.software,Maribel Gibbons
Stockbroker,Marie_Forester5801@c2nyu.video,Marie Forester
Stockbroker,Marilyn_Richardson2951@dvqq2.edu,Marilyn Richardson
Stockbroker,Martha_Rivers6160@bcfhs.auction,Martha Rivers
Stockbroker,Maxwell_Evans2768@evyvh.app,Maxwell Evans
Stockbroker,Michael_Swift3915@xqj6f.com,Michael Swift
Stockbroker,Selena_Lyon1881@bu2lo.auction,Selena Lyon
Stockbroker,Sydney_Mackenzie509@1kmd3.info,Sydney Mackenzie
Stockbroker,Tony_Smith3087@qu9ml.directory,Tony Smith
Systems Administrator,Abdul_Scott668@xtwt3.business,Abdul Scott
Systems Administrator,Alex_Calderwood1219@nb44i.catering,Alex Calderwood
Systems Administrator,Bob_Moran2828@iaart.biz,Bob Moran
Systems Administrator,Bob_Penn7203@cdpfn.media,Bob Penn
Systems Administrator,Caleb_Graves9206@voylg.software,Caleb Graves
Systems Administrator,Daniel_Owen9042@mpibr.catering,Daniel Owen
Systems Administrator,George_Zaoui1993@jh02o.digital,George Zaoui
Systems Administrator,Gwenyth_Dowson2305@gkvds.online,Gwenyth Dowson
Systems Administrator,Ilona_Herbert2918@d9un8.us,Ilona Herbert
Systems Administrator,Isla_Pitt3524@dbxli.media,Isla Pitt
Systems Administrator,Janelle_Kennedy3458@jh02o.name,Janelle Kennedy
Systems Administrator,Joseph_Holmes2024@yafr7.store,Joseph Holmes
Systems Administrator,Lorraine_Clark9965@v1wn5.shop,Lorraine Clark
Systems Administrator,Mark_Hardwick9484@c2nyu.online,Mark Hardwick
Systems Administrator,Moira_Waterson8454@bqkv0.com,Moira Waterson
Systems Administrator,Mya_Moore1527@iaart.solutions,Mya Moore
Systems Administrator,Naomi_Mcnally7661@yahoo.video,Naomi Mcnally
Systems Administrator,Phillip_Rigg2950@bqkv0.space,Phillip Rigg
Systems Administrator,Roger_Cattell2611@nanoff.design,Roger Cattell
Systems Administrator,Ryan_Sheldon8835@lyvnc.online,Ryan Sheldon
Systems Administrator,Tyson_Williams7581@ptr6k.name,Tyson Williams
Systems Administrator,Vanessa_Edwards9652@nmz0p.design,Vanessa Edwards
Treasurer,Barry_Jordan1423@v1wn5.us,Barry Jordan
Treasurer,Chuck_Pitt3941@karnv.zone,Chuck Pitt
Treasurer,Daron_Lindsay1767@mpibr.online,Daron Lindsay
Treasurer,Davina_Osman3704@iscmr.mobi,Davina Osman
Treasurer,Elijah_Stark8434@lhp4j.ca,Elijah Stark
Treasurer,Harry_Dickson977@ds59r.host,Harry Dickson
Treasurer,Helen_Irving1989@avn7d.video,Helen Irving
Treasurer,Lexi_Brown926@ohqqh.services,Lexi Brown
Treasurer,Lillian_Simpson4621@jcf8v.page,Lillian Simpson
Treasurer,Matt_Faulkner7230@gkvds.center,Matt Faulkner
Treasurer,Megan_Mould679@lhp4j.com,Megan Mould
Treasurer,Oliver_Brown8167@p5emz.center,Oliver Brown
Web Developer,Alexander_Cassidy2544@lhp4j.host,Alexander Cassidy
Web Developer,Charlotte_Hardwick125@1wa8o.zone,Charlotte Hardwick
Web Developer,Chuck_Lane1983@p5emz.host,Chuck Lane
Web Developer,Eduardo_Brooks4198@kyb7t.autos,Eduardo Brooks
Web Developer,Eve_Freeburn4187@zynuu.us,Eve Freeburn
Web Developer,Gabriel_Roscoe4507@gnjps.shop,Gabriel Roscoe
Web Developer,Javier_Uddin4866@3wbkp.net,Javier Uddin
Web Developer,Juliette_Dobson171@hepmv.org,Juliette Dobson
Web Developer,Matthew_Preston9836@iaart.us,Matthew Preston
Web Developer,Miriam_Moss6590@iscmr.shop,Miriam Moss
Web Developer,Nathan_Cameron8621@kyb7t.website,Nathan Cameron
Web Developer,Nick_Rogan1282@p5emz.name,Nick Rogan
Web Developer,Ronald_Thompson2685@zynuu.org,Ronald Thompson
Web Developer,Sloane_Weasley1858@d9un8.store,Sloane Weasley
Web Developer,Victoria_Coll1800@nmz0p.page,Victoria Coll
Webmaster,Alan_Gordon6606@cke3u.org,Alan Gordon
Webmaster,Anais_Dwyer2130@yahoo.website,Anais Dwyer
Webmaster,Angela_Mooney4527@yafr7.us,Angela Mooney
Webmaster,Benjamin_Price6351@yfxpw.meet,Benjamin Price
Webmaster,Caleb_Thompson5003@yafr7.online,Caleb Thompson
Webmaster,Daron_Watt2842@dvqq2.biz,Daron Watt
Webmaster,Harriet_Cartwright7664@d9un8.tech,Harriet Cartwright
Webmaster,Harvey_Warden2095@kyb7t.press,Harvey Warden
Webmaster,Johnathan_York8740@fhuux.us,Johnathan York
Webmaster,Johnny_Graham6065@gnjps.name,Johnny Graham
Webmaster,Mackenzie_Brooks7375@evyvh.ca,Mackenzie Brooks
Webmaster,Rihanna_Roberts58@crzq7.auction,Rihanna Roberts
Webmaster,Ruby_Widdows4968@3wbkp.org,Ruby Widdows
Webmaster,Vivian_Yoman8128@voylg.digital,Vivian Yoman
